advertiser,page_id,profile_image,body_text,media_type,media_url,video_poster,cta_url,cta_caption,cta_button_text,timestamp
Angela AJ Collin,,https://scontent.fmnl8-2.fna.fbcdn.net/v/t39.35426-6/615414933_3775371402768138_9152894261739046513_n.jpg?stp=dst-jpg_s60x60_tt6&_nc_cat=111&ccb=1-7&_nc_sid=c53f8f&_nc_ohc=SXWtT4Qqmq0Q7kNvwEcU15K&_nc_oc=AdnmiCEMApkZ1FQgtEQweq_F1getnxie7a2vv3WyrS41VLxcavS6ReSUv52iyuYjsvI&_nc_zt=14&_nc_ht=scontent.fmnl8-2.fna&_nc_gid=T4wMV49yKyI6G6oBB5OQEw&oh=00_AfpbNCrq-w5Dll_mPNfR3f2zrkXnCDtQTggipQ7pN_XEmA&oe=696B44EA,"In the past, I often faced setbacks, and nothing seemed to go my way,
as if walking against a harsh wind, struggling with every step.
But fate has its timing, and fortune eventually turns.
One day, an opportunity quietly arrived; the difficulties loosened,
and my worries faded with it.
Only then did I understand that life moves in cycles —
when darkness reaches its peak, light follows.
When luck arrives, everything naturally flows.
One must stay steady in heart and firm in purpose,
waiting for the right moment —
for only then can one witness the beauty of life’s turning tides.",,,,https://v389i3uv4.com/?ch=13113&fbPixelId=3084890678350251,V389I3UV4.COM,Download,23h
Angela AJ Collin,,https://scontent.fmnl8-3.fna.fbcdn.net/v/t39.35426-6/615154490_1375343460899490_8906840759842448214_n.jpg?stp=dst-jpg_s60x60_tt6&_nc_cat=110&ccb=1-7&_nc_sid=c53f8f&_nc_ohc=iuICxBT8oeUQ7kNvwF55BbQ&_nc_oc=Adkp8XzlP6qTLEg38zQA3jp2-gUZRuvePVjGPmVEHY-vJj4isNgcVnbgsBiHuRGVGUw&_nc_zt=14&_nc_ht=scontent.fmnl8-3.fna&_nc_gid=T4wMV49yKyI6G6oBB5OQEw&oh=00_AfppwTWFiAhjKCpR-ga1fqiA8EKg1dGwRzqIet91SfJrEg&oe=696B3AA2,"In the past, I often faced setbacks, and nothing seemed to go my way,
as if walking against a harsh wind, struggling with every step.
But fate has its timing, and fortune eventually turns.
One day, an opportunity quietly arrived; the difficulties loosened,
and my worries faded with it.
Only then did I understand that life moves in cycles —
when darkness reaches its peak, light follows.
When luck arrives, everything naturally flows.
One must stay steady in heart and firm in purpose,
waiting for the right moment —
for only then can one witness the beauty of life’s turning tides.",,,,https://v389i3uv4.com/?ch=13113&fbPixelId=3084890678350251,V389I3UV4.COM,Download,1w
Khương Anh,,https://scontent.fmnl8-3.fna.fbcdn.net/v/t39.35426-6/615478981_1183719477254304_6517017414368904230_n.jpg?stp=dst-jpg_s60x60_tt6&_nc_cat=105&ccb=1-7&_nc_sid=c53f8f&_nc_ohc=STT2qIYaPuUQ7kNvwFyBSUS&_nc_oc=AdmczBfx78cq08teAS829CGtPld5kx4oier4Lv3yft8YNREh88QRyStuDI88b02M9Vo&_nc_zt=14&_nc_ht=scontent.fmnl8-3.fna&_nc_gid=T4wMV49yKyI6G6oBB5OQEw&oh=00_Afo2ZN7HYzLyoBsNLGuPPJV4rF-mmHe8Eew5H2whABHMQQ&oe=696B2D70,"陌生人的神祕遺囑、從天而降的億萬遺產、布滿謎題與密碼的豪宅、四個各有心思的名門貴公子──
　　破解謎題，就能成為億萬富翁，你，敢不敢玩這場遊戲？

　　「為什麼一個陌生人會把遺產留給我？」

　　艾芙瑞計畫好的未來是這樣：撐過高中畢業、贏得獎學金，早點開始工作，脫離貧困生活。但是，當全美第九大富豪、身價462億的霍桑先生過世之後，她的命運瞬間產生巨大變化。他把大部分的財產都留給艾芙瑞，並留下一句話：親愛的艾芙瑞，對不起。

　　問題是－－為什麼？她甚至根本不知道霍桑是誰。

　　為了繼承遺產，她必須在霍桑的豪宅住滿一年，而整座莊園擁有各種祕密通道、機關，處處透露霍桑對拼圖、謎語和密碼的熱愛。不幸的是，霍桑的四個孫子也正等著她。

　　他們英俊、魅力十足且聰明，但好壞難辨；老大奈許看起來置身事外，只想當個浪子；二哥格雷森堅信艾芙瑞是個騙子，排行第三的詹姆森視她為祖父最後的謎題，而老么亞歷山大則是聰明絕頂的天才，但她看不清他是敵是友。

　　在這個充滿金錢、特權且危機四伏的世界，每一個謎題、每一個轉折都是關鍵。為了生存，艾芙瑞必須立刻學會玩好這場繼承者的遊戲－－

好評推薦

　　亞馬遜4.6星高分、破萬評分！
　　「愛不釋手！」──《Buzzfeed》
　　「巴尼斯這部用心創作的小說就像青少年版的《峰迴路轉》，非常適合任何追求懸疑、浪漫與故事魅力的讀者。」──《SLJ》
　　「這個如同電影《鋒迴路轉》的強大開局，提供讀者充分的閱讀享受。」──《出版人週刊》星級評論

　　「馬上給我第二集！」──goodreads讀者N
　　「作者怎麼能夠這樣結束第一集？！我要知道答案！」──goodreads讀者L

作者介紹
作者簡介

珍妮佛．琳恩．巴尼斯（Jennifer Lynn Barnes）

　　生於俄克拉荷馬州。她曾是競技啦啦隊選手、排球員、舞者、靈長類意識研究員、模特兒，也是漫畫與狐猴的粉絲。自她有記憶以來就喜歡創作，高中時完成人生的第一本小說。2012年，她取得耶魯大學博士學位，擁有心理學、精神病學和認知科學學位，現在是奧克拉荷馬大學心理學與專業寫作教授，研究領域為小說與粉絲團的心理學。",,,,https://6883win.pro/pwa/index3.html?ch=bZvf8955,6883WIN.PRO,Download,46m
Maria Johnson Ferguson,,https://scontent.fmnl8-3.fna.fbcdn.net/v/t39.35426-6/615437914_1233554208635495_5653922622865919221_n.jpg?stp=dst-jpg_s60x60_tt6&_nc_cat=105&ccb=1-7&_nc_sid=c53f8f&_nc_ohc=aKyprWmXgjsQ7kNvwGmp0R0&_nc_oc=AdkP8QbstJkZpIADByKx_WGHo8Vw2qfBa8L8v8446l8XX81WS8c0BdCFTn18KFJg1VY&_nc_zt=14&_nc_ht=scontent.fmnl8-3.fna&_nc_gid=T4wMV49yKyI6G6oBB5OQEw&oh=00_AfpVM2IonDRUgNkYOlgs8L1VJnD6jqi4i1Hi1ke79X6zLQ&oe=696B3A79,"🔥Sumali sa JiLiTT upang manalo ng mas maraming gantimpala at masiyahan sa mas maraming kasiyahan!
Kumita ng 100 milyong VIP bawat buwan? Gamit ang JiLiTT, ang iyong mga pangarap ay hindi na lamang mga pangarap! Mag-claim ng pang-araw-araw na gantimpala at kumita ng mga gantimpalang pera para sa bawat kaibigang iniimbitahan mo. Mas marami kang nilalaro, mas malaki ang iyong kikitain! 
Sumali na ngayon: JiLiTT🏆
Share the link to invite friends and earn immediately ₱350",,,,https://kpnzqj7bct.com/?ch=12861&fbPixelId=916729134115280,KPNZQJ7BCT.COM,Download,4d
Movies&Drama,,https://scontent.fmnl8-6.fna.fbcdn.net/v/t39.35426-6/612575988_1529559324972489_8940203819603915192_n.jpg?stp=dst-jpg_s60x60_tt6&_nc_cat=100&ccb=1-7&_nc_sid=c53f8f&_nc_ohc=fVjsD_TbubUQ7kNvwEWE79U&_nc_oc=AdnwGAbSXsiaFBDO678ZieKrabPJlWHfaALYxZZgPZHA7yFZwqfSgwqgHLo-kllreXs&_nc_zt=14&_nc_ht=scontent.fmnl8-6.fna&_nc_gid=T4wMV49yKyI6G6oBB5OQEw&oh=00_Afr4hL3xb2hFvcTq4tTREzJ70zn1xLJLAzZUfVcwIVUxpg&oe=696B500F,"Her most vulnerable moment. His shattering return. Grace faces Dr. Blade Thorne, her ex-fiancé, across an examination table, five years after she vanished. He’s reclaiming more than just her health. What secrets will his professional touch expose? Watch ""The Unspoken Exam."" ❤️‍🩹🩺",video,https://video.fmnl8-5.fna.fbcdn.net/o1/v/t2/f2/m412/AQMV3bY4i8mN6khBSIaseSGudz75A2cUBEw0OwkNMzq1YHatuE2TQWtCCYV2fCg4B6AkekJs_r5--6U0j79aX1kuTh-Cnuy_3UhYWtbfWA.mp4?_nc_cat=109&_nc_oc=Adkiuic0Obvf4GU8AM9AArAi65NlkiS4_icTD_CQMhkvA0eOu_4-jfCKeIkH_8O25Ow&_nc_sid=8bf8fe&_nc_ht=video.fmnl8-5.fna.fbcdn.net&_nc_ohc=qST2ab_yPbQQ7kNvwGFgNgD&efg=eyJ2ZW5jb2RlX3RhZyI6Inhwdl9wcm9ncmVzc2l2ZS5WSV9VU0VDQVNFX1BST0RVQ1RfVFlQRS4uQzMuMzYwLnN2ZV9zZCIsInhwdl9hc3NldF9pZCI6MTM3NTg5OTMzMDQ0NjM5OCwiYXNzZXRfYWdlX2RheXMiOjQsInZpX3VzZWNhc2VfaWQiOjEwMTM5LCJkdXJhdGlvbl9zIjozMzEsInVybGdlbl9zb3VyY2UiOiJ3d3cifQ%3D%3D&ccb=17-1&_nc_gid=T4wMV49yKyI6G6oBB5OQEw&_nc_zt=28&oh=00_AfpJ3Gw6W4xOR20Oms9ZFAKvbdLjFnRBSarkQkGRmF_bMQ&oe=696B33A1,https://scontent.fmnl8-3.fna.fbcdn.net/v/t39.35426-6/613071950_763749592762853_8729349227668228311_n.jpg?_nc_cat=105&ccb=1-7&_nc_sid=c53f8f&_nc_ohc=bOsAglvnfcwQ7kNvwHCOCO2&_nc_oc=AdmOPH9bSD1TtchWMCdjTbG2ITJNmC1cDo7pSmRdB9DqHX4O9lBTD2ZJYQBC5MbXE-c&_nc_zt=14&_nc_ht=scontent.fmnl8-3.fna&_nc_gid=T4wMV49yKyI6G6oBB5OQEw&oh=00_AfomH3w-rDtIMBihiV3Jqms9Zy_1BBB1hR0Dmfjw3TBPyA&oe=696B3BFA,https://scenezoom.com/videos/5574?token=ip3ugYzQ,SCENEZOOM.COM,Download,6d
David Paul Martin,,https://scontent.fmnl8-4.fna.fbcdn.net/v/t39.35426-6/615685773_1591735445341953_6032784334926636580_n.jpg?stp=dst-jpg_s60x60_tt6&_nc_cat=102&ccb=1-7&_nc_sid=c53f8f&_nc_ohc=EzYih-1x2X4Q7kNvwHewPTQ&_nc_oc=AdkgNIYIz0-YLNAgzcTOiTmjW9ktQwehe9wiJrSjbiPQ8TSoQ-W8jy8ke2rzah4emyo&_nc_zt=14&_nc_ht=scontent.fmnl8-4.fna&_nc_gid=T4wMV49yKyI6G6oBB5OQEw&oh=00_AfpAk0CVpuLsu_3H_XTwKtF3ZR_7a17mmyCX56_nIhj3Hg&oe=696B4C75,"💖 Nais kong ibahagi ang pagmamahal sa mga nagmamahal din sa akin!
🙏 Dahil sa inyong suporta, nagkaroon ako ng lakas ngayon.
⏳ Oo, kailangan ng oras at sakripisyo, pero hindi ako sumusuko!
✨ May lihim akong natuklasan—baka ito na ang huling pagkakataon ngayong taon…
🔥 Matalino ka, huwag mong palampasin—i-download ang APP at magtagumpay tayo!",,,,https://29fu390g9.com/?ch=63680&fbPixelId=869237705791762,29FU390G9.COM,Download,23m
David Paul Martin,,https://scontent.fmnl8-2.fna.fbcdn.net/v/t39.35426-6/615390026_26307206048876547_2184863443793022347_n.jpg?stp=dst-jpg_s60x60_tt6&_nc_cat=111&ccb=1-7&_nc_sid=c53f8f&_nc_ohc=24QBl3Y2-H8Q7kNvwENt5pS&_nc_oc=AdkxKokOK74dBjS3ErhmFIXCl7ziFIj-mTZ-tZnQVDm94UaA_zoRTZS80IfRpaMuqdk&_nc_zt=14&_nc_ht=scontent.fmnl8-2.fna&_nc_gid=T4wMV49yKyI6G6oBB5OQEw&oh=00_AfrjSBDmn0EyIyHc0lkrrCcA0f0kNkw0x-Rzc9KcRBVbdg&oe=696B38D7,"💖 Nais kong ibahagi ang pagmamahal sa mga nagmamahal din sa akin!
🙏 Dahil sa inyong suporta, nagkaroon ako ng lakas ngayon.
⏳ Oo, kailangan ng oras at sakripisyo, pero hindi ako sumusuko!
✨ May lihim akong natuklasan—baka ito na ang huling pagkakataon ngayong taon…
🔥 Matalino ka, huwag mong palampasin—i-download ang APP at magtagumpay tayo!",,,,https://29fu390g9.com/?ch=63680&fbPixelId=869237705791762,29FU390G9.COM,Download,23h
David Paul Martin,,https://scontent.fmnl8-5.fna.fbcdn.net/v/t39.35426-6/615082418_814275478334338_831889983156287532_n.jpg?stp=dst-jpg_s60x60_tt6&_nc_cat=109&ccb=1-7&_nc_sid=c53f8f&_nc_ohc=lWJpcV7r9LYQ7kNvwHynJpT&_nc_oc=Adn01ihVJn54W6vgyEoPiukDrs44ezNp1ou49VLR8g95Exc7rbdehNDjvJUpsbA7fGc&_nc_zt=14&_nc_ht=scontent.fmnl8-5.fna&_nc_gid=T4wMV49yKyI6G6oBB5OQEw&oh=00_AfqFKBr_Ua53tmX1Tj7pkaQSxkQ8wTvA7agvwelBMVL2Vw&oe=696B3E78,"💖 Nais kong ibahagi ang pagmamahal sa mga nagmamahal din sa akin!
🙏 Dahil sa inyong suporta, nagkaroon ako ng lakas ngayon.
⏳ Oo, kailangan ng oras at sakripisyo, pero hindi ako sumusuko!
✨ May lihim akong natuklasan—baka ito na ang huling pagkakataon ngayong taon…
🔥 Matalino ka, huwag mong palampasin—i-download ang APP at magtagumpay tayo!",,,,https://29fu390g9.com/?ch=63680&fbPixelId=869237705791762,29FU390G9.COM,Download,6h
Movies&Drama,,https://scontent.fmnl8-6.fna.fbcdn.net/v/t39.35426-6/612575988_1529559324972489_8940203819603915192_n.jpg?stp=dst-jpg_s60x60_tt6&_nc_cat=100&ccb=1-7&_nc_sid=c53f8f&_nc_ohc=fVjsD_TbubUQ7kNvwEWE79U&_nc_oc=AdnwGAbSXsiaFBDO678ZieKrabPJlWHfaALYxZZgPZHA7yFZwqfSgwqgHLo-kllreXs&_nc_zt=14&_nc_ht=scontent.fmnl8-6.fna&_nc_gid=T4wMV49yKyI6G6oBB5OQEw&oh=00_Afr4hL3xb2hFvcTq4tTREzJ70zn1xLJLAzZUfVcwIVUxpg&oe=696B500F,"Her most vulnerable moment. His shattering return. Grace faces Dr. Blade Thorne, her ex-fiancé, across an examination table, five years after she vanished. He’s reclaiming more than just her health. What secrets will his professional touch expose? Watch ""The Unspoken Exam."" ❤️‍🩹🩺",video,https://video.fmnl8-5.fna.fbcdn.net/o1/v/t2/f2/m412/AQMV3bY4i8mN6khBSIaseSGudz75A2cUBEw0OwkNMzq1YHatuE2TQWtCCYV2fCg4B6AkekJs_r5--6U0j79aX1kuTh-Cnuy_3UhYWtbfWA.mp4?_nc_cat=109&_nc_oc=Adkiuic0Obvf4GU8AM9AArAi65NlkiS4_icTD_CQMhkvA0eOu_4-jfCKeIkH_8O25Ow&_nc_sid=8bf8fe&_nc_ht=video.fmnl8-5.fna.fbcdn.net&_nc_ohc=qST2ab_yPbQQ7kNvwGFgNgD&efg=eyJ2ZW5jb2RlX3RhZyI6Inhwdl9wcm9ncmVzc2l2ZS5WSV9VU0VDQVNFX1BST0RVQ1RfVFlQRS4uQzMuMzYwLnN2ZV9zZCIsInhwdl9hc3NldF9pZCI6MTM3NTg5OTMzMDQ0NjM5OCwiYXNzZXRfYWdlX2RheXMiOjQsInZpX3VzZWNhc2VfaWQiOjEwMTM5LCJkdXJhdGlvbl9zIjozMzEsInVybGdlbl9zb3VyY2UiOiJ3d3cifQ%3D%3D&ccb=17-1&_nc_gid=T4wMV49yKyI6G6oBB5OQEw&_nc_zt=28&oh=00_AfpJ3Gw6W4xOR20Oms9ZFAKvbdLjFnRBSarkQkGRmF_bMQ&oe=696B33A1,https://scontent.fmnl8-3.fna.fbcdn.net/v/t39.35426-6/613071950_763749592762853_8729349227668228311_n.jpg?_nc_cat=105&ccb=1-7&_nc_sid=c53f8f&_nc_ohc=bOsAglvnfcwQ7kNvwHCOCO2&_nc_oc=AdmOPH9bSD1TtchWMCdjTbG2ITJNmC1cDo7pSmRdB9DqHX4O9lBTD2ZJYQBC5MbXE-c&_nc_zt=14&_nc_ht=scontent.fmnl8-3.fna&_nc_gid=T4wMV49yKyI6G6oBB5OQEw&oh=00_AfomH3w-rDtIMBihiV3Jqms9Zy_1BBB1hR0Dmfjw3TBPyA&oe=696B3BFA,https://scenezoom.com/videos/5574?token=ip3ugYzQ,SCENEZOOM.COM,Download,4w
Jason Donnie Ryan,,https://scontent.fmnl8-3.fna.fbcdn.net/v/t39.35426-6/615722302_1905052127098940_4175917960984768153_n.jpg?stp=dst-jpg_s60x60_tt6&_nc_cat=110&ccb=1-7&_nc_sid=c53f8f&_nc_ohc=oAN1U-W2ERQQ7kNvwETod-D&_nc_oc=AdmFzprzBT9kzZEc6q3pSFnMTFLYB8DatNf2QceTHO5QueFI8p_A_6t6ZO56ZfGl63w&_nc_zt=14&_nc_ht=scontent.fmnl8-3.fna&_nc_gid=T4wMV49yKyI6G6oBB5OQEw&oh=00_AfqKhQ_ublmYQwndbRKJQrzqTZatRGDARoUw0Gxg_AgvFA&oe=696B291D,"陌生人的神祕遺囑、從天而降的億萬遺產、布滿謎題與密碼的豪宅、四個各有心思的名門貴公子──
　　破解謎題，就能成為億萬富翁，你，敢不敢玩這場遊戲？

　　「為什麼一個陌生人會把遺產留給我？」

　　艾芙瑞計畫好的未來是這樣：撐過高中畢業、贏得獎學金，早點開始工作，脫離貧困生活。但是，當全美第九大富豪、身價462億的霍桑先生過世之後，她的命運瞬間產生巨大變化。他把大部分的財產都留給艾芙瑞，並留下一句話：親愛的艾芙瑞，對不起。

　　問題是－－為什麼？她甚至根本不知道霍桑是誰。

　　為了繼承遺產，她必須在霍桑的豪宅住滿一年，而整座莊園擁有各種祕密通道、機關，處處透露霍桑對拼圖、謎語和密碼的熱愛。不幸的是，霍桑的四個孫子也正等著她。

　　他們英俊、魅力十足且聰明，但好壞難辨；老大奈許看起來置身事外，只想當個浪子；二哥格雷森堅信艾芙瑞是個騙子，排行第三的詹姆森視她為祖父最後的謎題，而老么亞歷山大則是聰明絕頂的天才，但她看不清他是敵是友。

　　在這個充滿金錢、特權且危機四伏的世界，每一個謎題、每一個轉折都是關鍵。為了生存，艾芙瑞必須立刻學會玩好這場繼承者的遊戲－－

好評推薦

　　亞馬遜4.6星高分、破萬評分！
　　「愛不釋手！」──《Buzzfeed》
　　「巴尼斯這部用心創作的小說就像青少年版的《峰迴路轉》，非常適合任何追求懸疑、浪漫與故事魅力的讀者。」──《SLJ》
　　「這個如同電影《鋒迴路轉》的強大開局，提供讀者充分的閱讀享受。」──《出版人週刊》星級評論

　　「馬上給我第二集！」──goodreads讀者N
　　「作者怎麼能夠這樣結束第一集？！我要知道答案！」──goodreads讀者L

作者介紹
作者簡介

珍妮佛．琳恩．巴尼斯（Jennifer Lynn Barnes）

　　生於俄克拉荷馬州。她曾是競技啦啦隊選手、排球員、舞者、靈長類意識研究員、模特兒，也是漫畫與狐猴的粉絲。自她有記憶以來就喜歡創作，高中時完成人生的第一本小說。2012年，她取得耶魯大學博士學位，擁有心理學、精神病學和認知科學學位，現在是奧克拉荷馬大學心理學與專業寫作教授，研究領域為小說與粉絲團的心理學。",,,,https://jcxpsw.com/?ch=12689&fbPixelId=2716119395447224,JCXPSW.COM,Download,57m
Farmskinslive,,https://scontent.fmnl8-1.fna.fbcdn.net/v/t39.35426-6/612261931_1202426711404076_856615963730345494_n.jpg?stp=dst-jpg_s60x60_tt6&_nc_cat=106&ccb=1-7&_nc_sid=c53f8f&_nc_ohc=Oiv2_EuSvOwQ7kNvwEM5lSu&_nc_oc=AdlCikp_sfv5NIFv58lt9qhBXbS3-4n4S0u6MVjN6xfc7-Bua7b7DYJb4YR9DLiib6I&_nc_zt=14&_nc_ht=scontent.fmnl8-1.fna&_nc_gid=T4wMV49yKyI6G6oBB5OQEw&oh=00_Afo_6uCqshvtuqXikVMdkgZajYL0wNetFkpfLaySV5wRSw&oe=696B3D45,"First time in — claim the bonuses and start opening instantly. No “wait”, just a couple clicks.",image,https://scontent.fmnl8-2.fna.fbcdn.net/v/t39.35426-6/612028821_1950427242577861_777890048313706108_n.jpg?stp=dst-jpg_s600x600_tt6&_nc_cat=111&ccb=1-7&_nc_sid=c53f8f&_nc_ohc=jda2-mtzdkIQ7kNvwF2KMem&_nc_oc=Adl_Qj5aCcimB7Onml3ZUZvPhlt46kEpIVFt9WjI8EVKhBBee_UvUckxKw5ZgSfPs5I&_nc_zt=14&_nc_ht=scontent.fmnl8-2.fna&_nc_gid=T4wMV49yKyI6G6oBB5OQEw&oh=00_AfrhN24NNBOe83wMqZWpVBmamHOEoh-53ORyciCiIJaWPA&oe=696B37FE,,https://go.farmskins.partners/c/ccc29044c58a98553edd91f9b3065968?sub_id=C01,GO.FARMSKINS.PARTNERS,Download,3w
𝗠𝗮𝗿𝘃𝗶𝗻’𝘀 𝗧𝗿𝗮𝘆 𝗦𝗵o𝗽,,https://scontent.fmnl8-1.fna.fbcdn.net/v/t39.35426-6/612592462_1213048454139238_6984963731999191459_n.jpg?stp=dst-jpg_s60x60_tt6&_nc_cat=108&ccb=1-7&_nc_sid=c53f8f&_nc_ohc=FMqIhH3V5CYQ7kNvwF7yy8L&_nc_oc=AdlKjYA9dpnA7C-eVDfMQiZWELLCvd6kV8NcYXKIPOTRx0lO9JMsbNEspRXAdM8_aCw&_nc_zt=14&_nc_ht=scontent.fmnl8-1.fna&_nc_gid=T4wMV49yKyI6G6oBB5OQEw&oh=00_AfqHzPr1u9-0UT_ADpWQxBMtBOiLEUc8wefLocRJEZmWAA&oe=696B25F5,"🔴[LIVE] 80% CHRISTMAS DISCOUNT - 🎄⛄ X-MASS ❄ 🎁SALE 80% OFF: 𝗕𝗨𝗬 𝟏𝟎 𝗙𝗥𝗘𝗘 𝟏𝟎!  FREE SHIPPING
🔥 Pambihira ang ganitong klase ng offer, guys! Sa halagang 99 Pesos lang, maari mo nang pagmamay-ari ang premium 304 stainless steel tray na gustong-gusto ni Marvin!
🥗 Ayaw mo bang sayangin ang natirang pagkain? Huwag kang mag-alala! Gamit ang aming 304 stainless steel tray, mapapanatili mo ang pagiging bago at lasa ng iyong pagkain, wala nang basura!
**Order na Legit: https://www.marvin-augustin.click/sss
⚡ Maraming gamit at madaling gamitin: Maaaring gamitin sa mga gas stove, induction cooker, oven at microwave! 
🍳 Magdala ng bagong kulay at lasa sa iyong kusina gamit ang premium na tray na ito!
🌿 Panatilihin ang pagiging bago hanggang 3 buwan: Tray na gawa sa 304 stainless steel, anti-rust, antibacterial, at marangyang disenyo.
🎀 Mga Tampok:
✅ Hindi kinakalawang, ligtas, matibay at mabuti para sa kalusugan kapag nalantad sa direktang kontak
✅ Anti-oxidation, anti-rust
✅ Antibacterial, tinitiyak na laging sariwa ang pagkain at pinipigilan ang mga amoy
✅ May takip para sa madaling pag-imbak at pagsasalansan, pag-optimize ng espasyo
✅ Mataas na kalidad ng disenyo, lumalaban sa init at madaling linisin
✅ Non-stick, ligtas gamitin sa microwave at oven
🛒 Order na para ma-enjoy ang 80% discount: https://www.marvin-augustin.click/sss
⚡️ Libreng pagpapadala, pagbabayad kapag natanggap
⚡️ No deposit, no worries: Magbayad lang kapag natanggap!",,,,https://www.marvin-augustin.click/sss,MARVIN-AUGUSTIN.CLICK,https://www.marvin-augustin.click/sss,32m
𝗠𝗮𝗿𝘃𝗶𝗻’𝘀 𝗧𝗿𝗮𝘆 𝗦𝗵o𝗽,,https://scontent.fmnl8-3.fna.fbcdn.net/v/t39.35426-6/615254305_1189645809554268_7712201064128559638_n.jpg?stp=dst-jpg_s60x60_tt6&_nc_cat=101&ccb=1-7&_nc_sid=c53f8f&_nc_ohc=BB-b0XIeMUIQ7kNvwH8JTPi&_nc_oc=AdlJYalxq76dMUS7_eW0RFxQ6kSD_qUlRuz3zlnvAR5R7Jpx_CrZ5b1V4Y2nb5zd8zc&_nc_zt=14&_nc_ht=scontent.fmnl8-3.fna&_nc_gid=T4wMV49yKyI6G6oBB5OQEw&oh=00_AfpK_T75LLHHj6CteWohRUcgvHvE9moEd65FQz6d-yRXnQ&oe=696B2E62,"🔴[LIVE] 80% CHRISTMAS DISCOUNT - 🎄⛄ X-MASS ❄ 🎁SALE 80% OFF: 𝗕𝗨𝗬 𝟏𝟎 𝗙𝗥𝗘𝗘 𝟏𝟎!  FREE SHIPPING
🔥 Pambihira ang ganitong klase ng offer, guys! Sa halagang 99 Pesos lang, maari mo nang pagmamay-ari ang premium 304 stainless steel tray na gustong-gusto ni Marvin!
🥗 Ayaw mo bang sayangin ang natirang pagkain? Huwag kang mag-alala! Gamit ang aming 304 stainless steel tray, mapapanatili mo ang pagiging bago at lasa ng iyong pagkain, wala nang basura!
**Order na Legit: https://www.marvin-augustin.click/sss
⚡ Maraming gamit at madaling gamitin: Maaaring gamitin sa mga gas stove, induction cooker, oven at microwave! 
🍳 Magdala ng bagong kulay at lasa sa iyong kusina gamit ang premium na tray na ito!
🌿 Panatilihin ang pagiging bago hanggang 3 buwan: Tray na gawa sa 304 stainless steel, anti-rust, antibacterial, at marangyang disenyo.
🎀 Mga Tampok:
✅ Hindi kinakalawang, ligtas, matibay at mabuti para sa kalusugan kapag nalantad sa direktang kontak
✅ Anti-oxidation, anti-rust
✅ Antibacterial, tinitiyak na laging sariwa ang pagkain at pinipigilan ang mga amoy
✅ May takip para sa madaling pag-imbak at pagsasalansan, pag-optimize ng espasyo
✅ Mataas na kalidad ng disenyo, lumalaban sa init at madaling linisin
✅ Non-stick, ligtas gamitin sa microwave at oven
🛒 Order na para ma-enjoy ang 80% discount: https://www.marvin-augustin.click/sss
⚡️ Libreng pagpapadala, pagbabayad kapag natanggap
⚡️ No deposit, no worries: Magbayad lang kapag natanggap!",,,,https://www.marvin-augustin.click/sss,MARVIN-AUGUSTIN.CLICK,https://www.marvin-augustin.click/sss,5d
Daniel Kate Gonzalez,,https://scontent.fmnl8-3.fna.fbcdn.net/v/t39.35426-6/615592639_902964208910234_3761286608196094563_n.jpg?stp=dst-jpg_s60x60_tt6&_nc_cat=101&ccb=1-7&_nc_sid=c53f8f&_nc_ohc=06MOpEPsQy0Q7kNvwFJiYzN&_nc_oc=Adn47V8xQkNIlMk9E5JJRJi91p6lYMSqjsTYuZV38fs3SJL-exRxFMGcdOckFR1OIhQ&_nc_zt=14&_nc_ht=scontent.fmnl8-3.fna&_nc_gid=uR3JUguC5IMYbug23VqcIQ&oh=00_AfrVi1UJH7IgB0lLOLR2x3TCw6beqToOlvvpxRv1SDV2Fw&oe=696B5143,"📲Game zone 🔥JILI first released🔥 
😍Download JLJLQQ APP to receive ₱❺❽. 
🤩Super high winning rate, get ₱258 for the first recharge!
 💲💰 NONEEDTO CASHIN 📲𝐃𝐨𝐰𝐧𝐥𝐨𝐚𝐝 & ℙ𝕝𝕒𝕪 𝕟𝕠𝕨📲 
🎊Don't miss the chance to WIN BIG💰! Hit the Jackpo",,,,https://rhvekia5.com/?ch=7115&fbPixelId=1351421749599642,RHVEKIA5.COM,"WWW.FB.COM
Download APP get 𝐏100
Download",2w
Joseph Scott Miller,,https://scontent.fmnl8-4.fna.fbcdn.net/v/t39.35426-6/615388215_1445689287075331_6425107142245665025_n.jpg?stp=dst-jpg_s60x60_tt6&_nc_cat=107&ccb=1-7&_nc_sid=c53f8f&_nc_ohc=9Jzf51b3QaEQ7kNvwGjKh96&_nc_oc=AdkUw_tm_B4ICflcmf5W4fIwjFUZVNHRndd3d26YwRQiNX5fZnf-VlW18N_xY3pouLQ&_nc_zt=14&_nc_ht=scontent.fmnl8-4.fna&_nc_gid=uR3JUguC5IMYbug23VqcIQ&oh=00_AfpsG8be85EStax6siVopxCW-ZUcj7NTJi33oAX7ZVdTaQ&oe=696B5608,"📲Game zone 🔥JILI first released🔥 
😍Download JLJLQQ APP to receive ₱❺❽. 
🤩Super high winning rate, get ₱258 for the first recharge!
 💲💰 NONEEDTO CASHIN 📲𝐃𝐨𝐰𝐧𝐥𝐨𝐚𝐝 & ℙ𝕝𝕒𝕪 𝕟𝕠𝕨📲 
🎊Don't miss the chance to WIN BIG💰! Hit the Jackpo",,,,https://puglf9ej.com/?ch=7115&fbPixelId=1351421749599642,PUGLF9EJ.COM,"WWW.FB.COM
Download APP get 𝐏100
Download",58m
Poursaied Hozaay Bitter,,https://scontent.fmnl8-1.fna.fbcdn.net/v/t39.35426-6/615438064_1442889907410215_3095987882792471453_n.jpg?stp=dst-jpg_s60x60_tt6&_nc_cat=108&ccb=1-7&_nc_sid=c53f8f&_nc_ohc=IFgkpEg-Hk0Q7kNvwGqvscz&_nc_oc=Adl5Dmo3QHL4fB1U-EW4UrN0ddor4Va6TDPnvyEvWHoTKzFW7ce5WdH2BA_j1dUC8H4&_nc_zt=14&_nc_ht=scontent.fmnl8-1.fna&_nc_gid=uR3JUguC5IMYbug23VqcIQ&oh=00_AfrMNm5zNjaYL4pzyJqTfJgLCjJzrsf1OS1wMZ4T-XBQlw&oe=696B4F05,"📲Game zone 🔥JILI first released🔥 
😍Download JLJLQQ APP to receive ₱❺❽. 
🤩Super high winning rate, get ₱258 for the first recharge!
 💲💰 NONEEDTO CASHIN 📲𝐃𝐨𝐰𝐧𝐥𝐨𝐚𝐝 & ℙ𝕝𝕒𝕪 𝕟𝕠𝕨📲 
🎊Don't miss the chance to WIN BIG💰! Hit the Jackpo",,,,https://rhvekia5.com/?ch=7115&fbPixelId=1351421749599642,RHVEKIA5.COM,"WWW.FB.COM
Download APP get 𝐏100
Download",4w
Jiliqq,,https://scontent.fmnl8-4.fna.fbcdn.net/v/t39.35426-6/616300426_2118100818956478_6626914088182006385_n.jpg?stp=dst-jpg_s60x60_tt6&_nc_cat=107&ccb=1-7&_nc_sid=c53f8f&_nc_ohc=1g9W0iRyQTwQ7kNvwES3RDz&_nc_oc=Adm4ZidXDjiqrY-iRLuaos9WwzOHm-kk7IbvDuxOCu1cj-3I3T8qjsDdphGkmqQdu-g&_nc_zt=14&_nc_ht=scontent.fmnl8-4.fna&_nc_gid=uR3JUguC5IMYbug23VqcIQ&oh=00_Afpeb6A9UVMEmbcPD0Qp_MohtAcPgmgEecd12sPRdMN5cw&oe=696B485B,"🏆Nova PG 2025 Libre na!🏆
💥SABOG-SABOG NA PREMYO SA BAWAT PINDOT!
💸Samantalahin ang SUPER BENEPISYO NGAYON! 👇🤑
⭐️⭐️⭐️⭐️ 
✨ I-explore ang exciting na mundo ng JL Plus! 🎮 Discover fun challenges & exclusive in-game rewards! ✅ 18+ lang po. Play responsibly. 👇
🎁🚀
🎁🚀
🎁🚀
🎁🚀
🎁🚀
🎁🚀
🎁🚀
🎁🚀
🎁🚀
🎁🚀
🎁🚀
🎁🚀

Mahal, please, mahalin mo naman ako kahit isang beses.

Ginoong Graham, hindi kita kilala. 🎁🚀

Kabanata 1: Maghihiwalay Na Tayo.

Ang asawa mo ay may kasamang ibang babae. 🎁

Nang matanggap ni Abigail Quinn ang text mula sa matalik na kaibigan, katatapos lang niya ng ovulation injection at nagpapahinga sa bench ng outpatient clinic, pinipigilan ang matinding sakit ng tiyan. Itim ang buhok niya, puti ang balat na parang niyebe, ngunit wala na siyang kulay sa mukha. Gayunpaman, hindi nito nabawasan ang kanyang nakakabilib na ganda at patuloy na lumingon ang mga tao para tingnan siya.

Kaya, huminga siya nang malalim, at may nanginginig na daliri, binuksan ang larawan sa cellphone para tingnan. Ito ay larawan ni Sean Graham na lumalabas ng hotel na mayakap ang isang babaeng nak-pink na dress. Ang karaniwang malamig at kalmadong mukha ng lalaki ay tila humalina habang nakayuko siya sa babaeng nasa larawan.

Alam ni Abigail kung sino ang babae, ang unang pag-ibig ni Sean, si Joan Palmer.

Makalipas ang ilang sandali, nakabawi siya, hinanap ang numero ni Sean at tinawagan siya. Naghintay siya nang matagal hanggang sa mag-signal ang busy tone at sa wakas ay narinig ang natatanging boses ng lalaki mula sa kabilang linya. ""Ano ang kailangan mo?""

""Uuwi ka ba ngayong gabi?"" Ang totoo, gusto niyang itanong kung gusto niyang umuwi.

Sa kasamaang-palad, kitang-kita na naiirita siya sa tawag pa lang. Kaya, pagkatapos ng ilang segundo ng katahimikan, imbyernado niyang sinabi: ""May importante ba tayong pag-uusapan?""

Agad na nanagan ang mga luha sa kanyang mga mata, ang walang-emosyon na boses nito ay parang patalim na tumusok sa kanyang puso, ngunit mahusay niyang itinago ang kalungkutan. ""Nakalimutan mo na ba kung anong araw ngayon?""

Tatlong taon na silang secretong kasal, ngunit bihira silang magkita. Ngayon ay ang kanilang anibersaryo ng kasal, ang araw na dapat ay uuwi siya. Nangako siya sa kanya na ipagdiriwang niya ito kasama siya.

Sa kasamaang-palad, pinutol lang niya siya at mainip na nabulong: ""Mamaya na ako uuwi."" 'Wag kang mag-alala.

Pagkatapos noon, hindi na siya nag-aksaya ng ora. Sumikip ang puso ni Abigail nang marinig ang monotono na tono ng pagdi-dial. Kaya, itinilampak niya ang kanyang ulo at nag-recover sa pamamagitan ng paghinga nang malalim ng ilang beses. Sa huli, tinawagan niya ang kanyang matalik na kaibigan na si Luna Smith para sunduin siya.

Makalipas ang sampung minuto, ang tunog ng mabilis na mga yabag ay umalingawngaw sa kabilang dulo ng hall. Ang babae ay mukhang cool at charming habang ang kanyang maikli at maayos na gupit na buhok, na kulay asul na may silver streaks, ay mabilis na gumagalaw sa hall.",,,,https://bb.376jili.com/7z46,BB.376JILI.COM,Download,24m
Jiliqq,,https://scontent.fmnl8-5.fna.fbcdn.net/v/t39.35426-6/611694557_725883140254232_2759557556424142298_n.jpg?stp=dst-jpg_s60x60_tt6&_nc_cat=109&ccb=1-7&_nc_sid=c53f8f&_nc_ohc=M7y7snfvdm8Q7kNvwFL4Qby&_nc_oc=AdlESei9jQYrpF_TCFhy-O02h5lB3jU_YSbWRk1hzOUtmXEeNKbgj3BsW8SWKzTlr90&_nc_zt=14&_nc_ht=scontent.fmnl8-5.fna&_nc_gid=UmNZwib_3rsumYdWvtZVeQ&oh=00_Afop7m_rKO5wMYkYbxManWgz8m4VljZyVCy7_Qqc1iFFOg&oe=696B3161,"🏆Nova PG 2025 Libre na!🏆
💥SABOG-SABOG NA PREMYO SA BAWAT PINDOT!
💸Samantalahin ang SUPER BENEPISYO NGAYON! 👇🤑
⭐️⭐️⭐️⭐️ 
✨ I-explore ang exciting na mundo ng JL Plus! 🎮 Discover fun challenges & exclusive in-game rewards! ✅ 18+ lang po. Play responsibly. 👇
🎁🚀
🎁🚀
🎁🚀
🎁🚀
🎁🚀
🎁🚀
🎁🚀
🎁🚀
🎁🚀
🎁🚀
🎁🚀
🎁🚀

Mahal, please, mahalin mo naman ako kahit isang beses.

Ginoong Graham, hindi kita kilala. 🎁🚀

Kabanata 1: Maghihiwalay Na Tayo.

Ang asawa mo ay may kasamang ibang babae. 🎁

Nang matanggap ni Abigail Quinn ang text mula sa matalik na kaibigan, katatapos lang niya ng ovulation injection at nagpapahinga sa bench ng outpatient clinic, pinipigilan ang matinding sakit ng tiyan. Itim ang buhok niya, puti ang balat na parang niyebe, ngunit wala na siyang kulay sa mukha. Gayunpaman, hindi nito nabawasan ang kanyang nakakabilib na ganda at patuloy na lumingon ang mga tao para tingnan siya.

Kaya, huminga siya nang malalim, at may nanginginig na daliri, binuksan ang larawan sa cellphone para tingnan. Ito ay larawan ni Sean Graham na lumalabas ng hotel na mayakap ang isang babaeng nak-pink na dress. Ang karaniwang malamig at kalmadong mukha ng lalaki ay tila humalina habang nakayuko siya sa babaeng nasa larawan.

Alam ni Abigail kung sino ang babae, ang unang pag-ibig ni Sean, si Joan Palmer.

Makalipas ang ilang sandali, nakabawi siya, hinanap ang numero ni Sean at tinawagan siya. Naghintay siya nang matagal hanggang sa mag-signal ang busy tone at sa wakas ay narinig ang natatanging boses ng lalaki mula sa kabilang linya. ""Ano ang kailangan mo?""

""Uuwi ka ba ngayong gabi?"" Ang totoo, gusto niyang itanong kung gusto niyang umuwi.

Sa kasamaang-palad, kitang-kita na naiirita siya sa tawag pa lang. Kaya, pagkatapos ng ilang segundo ng katahimikan, imbyernado niyang sinabi: ""May importante ba tayong pag-uusapan?""

Agad na nanagan ang mga luha sa kanyang mga mata, ang walang-emosyon na boses nito ay parang patalim na tumusok sa kanyang puso, ngunit mahusay niyang itinago ang kalungkutan. ""Nakalimutan mo na ba kung anong araw ngayon?""

Tatlong taon na silang secretong kasal, ngunit bihira silang magkita. Ngayon ay ang kanilang anibersaryo ng kasal, ang araw na dapat ay uuwi siya. Nangako siya sa kanya na ipagdiriwang niya ito kasama siya.

Sa kasamaang-palad, pinutol lang niya siya at mainip na nabulong: ""Mamaya na ako uuwi."" 'Wag kang mag-alala.

Pagkatapos noon, hindi na siya nag-aksaya ng ora. Sumikip ang puso ni Abigail nang marinig ang monotono na tono ng pagdi-dial. Kaya, itinilampak niya ang kanyang ulo at nag-recover sa pamamagitan ng paghinga nang malalim ng ilang beses. Sa huli, tinawagan niya ang kanyang matalik na kaibigan na si Luna Smith para sunduin siya.

Makalipas ang sampung minuto, ang tunog ng mabilis na mga yabag ay umalingawngaw sa kabilang dulo ng hall. Ang babae ay mukhang cool at charming habang ang kanyang maikli at maayos na gupit na buhok, na kulay asul na may silver streaks, ay mabilis na gumagalaw sa hall.",,,,https://bb.376jili.com/7z46,BB.376JILI.COM,Download,1w
Jiliqq,,https://scontent.fmnl8-6.fna.fbcdn.net/v/t39.35426-6/615279616_1845720936056336_2613822669421944064_n.jpg?stp=dst-jpg_s60x60_tt6&_nc_cat=100&ccb=1-7&_nc_sid=c53f8f&_nc_ohc=INXsGqAmnCcQ7kNvwGscfHd&_nc_oc=Adl93F9SbTqdR5YEXdKFpkGWMO7A9yBgb6H-mCxVr60Es5jo9wdBUpHl-tj57N34JqQ&_nc_zt=14&_nc_ht=scontent.fmnl8-6.fna&_nc_gid=eELFFgSXOYX7DCuFAscv0Q&oh=00_Afo6wJdkyOfXCzGmmh14Egck7-1i5nbg2ED5M2SOXo7Atg&oe=696B429F,"""🏆 Pinakabagong Platform 😍😍
🎁🎉BRING A FRIEND AND GET ₱350🎉🎁
🦁 Gustong maranasan ang excitement ng Las Vegas? 🦁
🔥 Ang iyong buhay ay hindi magiging pareho 🔥
Ang  ay may daan-daang laro, palaging may isa na angkop para sa iyo.""🎁🎁🎁
🎁🎁
🎁🎁
🎁🎁
🎁🎁
🎁🎁
🎁🎁
🎁🎁
🎁🎁
🎁🎁
🎁🎁 
Mahal, please, mahalin mo naman ako kahit isang beses.

Ginoong Graham, hindi kita kilala. 🎁🚀

Kabanata 1: Maghihiwalay Na Tayo.

Ang asawa mo ay may kasamang ibang babae. 🎁

Nang matanggap ni Abigail Quinn ang text mula sa matalik na kaibigan, katatapos lang niya ng ovulation injection at nagpapahinga sa bench ng outpatient clinic, pinipigilan ang matinding sakit ng tiyan. Itim ang buhok niya, puti ang balat na parang niyebe, ngunit wala na siyang kulay sa mukha. Gayunpaman, hindi nito nabawasan ang kanyang nakakabilib na ganda at patuloy na lumingon ang mga tao para tingnan siya.

Kaya, huminga siya nang malalim, at may nanginginig na daliri, binuksan ang larawan sa cellphone para tingnan. Ito ay larawan ni Sean Graham na lumalabas ng hotel na mayakap ang isang babaeng nak-pink na dress. Ang karaniwang malamig at kalmadong mukha ng lalaki ay tila humalina habang nakayuko siya sa babaeng nasa larawan.

Alam ni Abigail kung sino ang babae, ang unang pag-ibig ni Sean, si Joan Palmer.

Makalipas ang ilang sandali, nakabawi siya, hinanap ang numero ni Sean at tinawagan siya. Naghintay siya nang matagal hanggang sa mag-signal ang busy tone at sa wakas ay narinig ang natatanging boses ng lalaki mula sa kabilang linya. ""Ano ang kailangan mo?""

""Uuwi ka ba ngayong gabi?"" Ang totoo, gusto niyang itanong kung gusto niyang umuwi.

Sa kasamaang-palad, kitang-kita na naiirita siya sa tawag pa lang. Kaya, pagkatapos ng ilang segundo ng katahimikan, imbyernado niyang sinabi: ""May importante ba tayong pag-uusapan?""

Agad na nanagan ang mga luha sa kanyang mga mata, ang walang-emosyon na boses nito ay parang patalim na tumusok sa kanyang puso, ngunit mahusay niyang itinago ang kalungkutan. ""Nakalimutan mo na ba kung anong araw ngayon?""

Tatlong taon na silang secretong kasal, ngunit bihira silang magkita. Ngayon ay ang kanilang anibersaryo ng kasal, ang araw na dapat ay uuwi siya. Nangako siya sa kanya na ipagdiriwang niya ito kasama siya.

Sa kasamaang-palad, pinutol lang niya siya at mainip na nabulong: ""Mamaya na ako uuwi."" 'Wag kang mag-alala.

Pagkatapos noon, hindi na siya nag-aksaya ng ora. Sumikip ang puso ni Abigail nang marinig ang monotono na tono ng pagdi-dial. Kaya, itinilampak niya ang kanyang ulo at nag-recover sa pamamagitan ng paghinga nang malalim ng ilang beses. Sa huli, tinawagan niya ang kanyang matalik na kaibigan na si Luna Smith para sunduin siya.

Makalipas ang sampung minuto, ang tunog ng mabilis na mga yabag ay umalingawngaw sa kabilang dulo ng hall. Ang babae ay mukhang cool at charming habang ang kanyang maikli at maayos na gupit na buhok, na kulay asul na may silver streaks, ay mabilis na gumagalaw sa hall.",,,,https://aa.376jili.com/pbwl,AA.376JILI.COM,Download,3w
Sara Cunningham,,https://scontent.fmnl8-1.fna.fbcdn.net/v/t39.35426-6/588798812_1678933803482185_5664588445624685994_n.jpg?stp=dst-jpg_s60x60_tt6&_nc_cat=106&ccb=1-7&_nc_sid=c53f8f&_nc_ohc=hrkWouwsaJ0Q7kNvwG0IsGu&_nc_oc=AdktR1ymTob8gCTryKZfvD3KrHS0vgH14aKnqHSdUUFPB6rpVlqH05X-DcifZKza_Hg&_nc_zt=14&_nc_ht=scontent.fmnl8-1.fna&_nc_gid=eELFFgSXOYX7DCuFAscv0Q&oh=00_AfqEWaDdIpQd8aMolm7liIWOXkOaYyVtBldVhRQdA-0vkg&oe=696B333A,"The genuine JILI platform
30x Bawat Araw
Bagong Libangan, Bagong Sideline 
Please Click Link To Rgstrrr

Ang aming layunin ay pagandahin pa ang karanasan sa laro, at siguraduhin na bawat user ay makakatanggap ng benepisyo.❤️

😍📚  
😍📚  
😍📚  
😍📚  
😍📚  
😍📚  
😍📚  
😍📚  
😍📚  
😍📚  
😍📚  
😍📚  

""Mahal, pakiusap mahalin mo ako kahit isang beses lang.""  
""Mr. Graham, hindi kita kilala."" 📚  

### Kabanata 1: Maghiwalay Na Tayo  
*""Ang asawa mo ay kasama ng ibang babae.""*  

Nang makatanggap si Abigail Quinn ng text message mula sa kanyang matalik na kaibigan, kakagawa lang niya ng oval injection at nagpapahinga sa bench ng outpatient clinic habang tinitiis ang matinding sakit sa kanyang tiyan. Itim ang kanyang buhok at maputla ang kanyang balat na parang yelo, ngunit hindi nito nababawasan ang kanyang kagandahan. Patuloy pa ring lingon-lingon ang mga tao para lang siya ay masilayan.  

Pagkatapos, huminga siya nang malalim at binuksan ang larawan sa kanyang cellphone gamit ang nanginginig na daliri. Ito ay larawan ni Shane Graham na mayakap ang isang babaeng nakasuot ng kulay rosas na damit palabas ng isang hotel. Ang lalaking karaniwang may malamig at walang emosyong mukha ay tila mas malambot habang nakayuko sa babaeng nasa larawan.  

Alam ni Abigail kung sino ang babaeng iyon—ang unang pag-ibig ni Shane, si Jane Palmer.  

Sandali matapos ito, natauhan siya, hinanap ang numero ni Shane, at tumawag. Naghintay siya ng matagal hanggang sa magpatong ang busy dial tone, at sa wakas ay may narinig na malamig na boses mula sa kabilang linya. ""Ano'ng problema?""  

""Uuwi ka ba ngayong gabi?"" Sa totoo lang, gusto niyang itanong kung nais pa ba nitong umuwi.  

Sa kasamaang-palad, maliwanag na naiinis si Shane sa kanyang tawag. Pagkatapos ng ilang segundo ng katahimikan, impatient niyang sinabi, ""May importante bang problema na kailangan nating pag-usapan?""  

Agad na napuno ng luha ang kanyang mga mata. Ang kanyang malayo at malamig na boses ay parang tinusok ang kanyang puso, ngunit mahusay niyang itinago ang kanyang paghihirap. ""Nakalimutan mo na ba kung anong araw ngayon?""  

Tatlong taon na silang ikinasal nang palihim, ngunit bihira silang magkita. Ngayon ay anibersaryo ng kanilang kasal, ang araw na dapat ay uuwi siya. Nangako siya na ipagdiwang niya ito kasama siya.  

Sa kasamaang-palad, pinutol lang siya nito at umungol na may inis, ""Darating ako mamaya. Huwag kang mag-alala.""  

Pagkatapos noon, agad itong nagpatay ng telepono. Sumidhi ang lungkot ni Abigail nang marinig niya ang nanlait na dial tone. Pagkatapos, inilayo niya ang kanyang ulo at kumuha ng ilang malalim na paghinga upang kumalma. Sa wakas, tinawag niya ang kanyang matalik na kaibigan na si Luna Smith para sunduin siya.  

Makalipas ang sampung minuto, may mabilis na yabag na narinig mula sa kabilang dulo ng pasilyo. Ang babaeng iyon ay mukhang cool at kaakit-akit, ang kanyang maikling buhok na may kulay asul at pilak na streaks ay sumasabay sa kanyang paglakad.  

Para kay Luna, ang kanyang nakakagulat na ganda ay hindi na bago, at iniangat niya ang kanyang makapal na kilay habang diretsong lumapit kay Abigail. Nang makita niyang napakaputla ni Abigail, nagsisi siya ngunit hindi niya napigilan ang pagsabihan ito nang mahina, ""Nabubuhay siya ng pangarap na buhay kasama si Jane. Ano ang silbi ng pagpapainiksyon mo ng oval?""  

Walang imik na ikinapa ni Abigail. Hindi masaya ang kanyang pag-aasawa kay Shane dahil ang kanyang lolo na si Colby ang nagpilit sa kanila na magpakasal.  

Gayunpaman, hindi tumanggi si Abigail nang magproposa ito at kahit na lihim siyang nagdiwang dahil walang nakakaalam na matagal na siyang nagkagusto kay Shane. Pagkatapos lang ng kasal nito nalaman niyang si Shane ay may unang pag-ibig na nagngangalang Jane Palmer, at inisip ni Colby na hindi siya sapat para sa pamilya Graham. Kaya ginamit niya si Abigail para iwanan ito.",,,,https://29fu390g9.com/?ch=63680&fbPixelId=869237705791762,29FU390G9.COM,Download,2w
Sara Cunningham,,https://scontent.fmnl8-3.fna.fbcdn.net/v/t39.35426-6/613586337_1828544404467707_7962275399036006693_n.jpg?stp=dst-jpg_s60x60_tt6&_nc_cat=105&ccb=1-7&_nc_sid=c53f8f&_nc_ohc=6pnogLAarDAQ7kNvwHfw1Ny&_nc_oc=AdnhE9BHk830v4RRIa34wrRnsjTGSy9SY-xQb2K9DugN7niA2FfH-JXLe2QSQbNHkVU&_nc_zt=14&_nc_ht=scontent.fmnl8-3.fna&_nc_gid=eELFFgSXOYX7DCuFAscv0Q&oh=00_Afor80XEIE1yUjswUIbgkiHjNlfJXgXgwDGrxYIQZnmRlA&oe=696B4106,"The genuine JILI platform
30x Bawat Araw
Bagong Libangan, Bagong Sideline 
Please Click Link To Rgstrrr

Ang aming layunin ay pagandahin pa ang karanasan sa laro, at siguraduhin na bawat user ay makakatanggap ng benepisyo.❤️

😍📚  
😍📚  
😍📚  
😍📚  
😍📚  
😍📚  
😍📚  
😍📚  
😍📚  
😍📚  
😍📚  
😍📚  

""Mahal, pakiusap mahalin mo ako kahit isang beses lang.""  
""Mr. Graham, hindi kita kilala."" 📚  

### Kabanata 1: Maghiwalay Na Tayo  
*""Ang asawa mo ay kasama ng ibang babae.""*  

Nang makatanggap si Abigail Quinn ng text message mula sa kanyang matalik na kaibigan, kakagawa lang niya ng oval injection at nagpapahinga sa bench ng outpatient clinic habang tinitiis ang matinding sakit sa kanyang tiyan. Itim ang kanyang buhok at maputla ang kanyang balat na parang yelo, ngunit hindi nito nababawasan ang kanyang kagandahan. Patuloy pa ring lingon-lingon ang mga tao para lang siya ay masilayan.  

Pagkatapos, huminga siya nang malalim at binuksan ang larawan sa kanyang cellphone gamit ang nanginginig na daliri. Ito ay larawan ni Shane Graham na mayakap ang isang babaeng nakasuot ng kulay rosas na damit palabas ng isang hotel. Ang lalaking karaniwang may malamig at walang emosyong mukha ay tila mas malambot habang nakayuko sa babaeng nasa larawan.  

Alam ni Abigail kung sino ang babaeng iyon—ang unang pag-ibig ni Shane, si Jane Palmer.  

Sandali matapos ito, natauhan siya, hinanap ang numero ni Shane, at tumawag. Naghintay siya ng matagal hanggang sa magpatong ang busy dial tone, at sa wakas ay may narinig na malamig na boses mula sa kabilang linya. ""Ano'ng problema?""  

""Uuwi ka ba ngayong gabi?"" Sa totoo lang, gusto niyang itanong kung nais pa ba nitong umuwi.  

Sa kasamaang-palad, maliwanag na naiinis si Shane sa kanyang tawag. Pagkatapos ng ilang segundo ng katahimikan, impatient niyang sinabi, ""May importante bang problema na kailangan nating pag-usapan?""  

Agad na napuno ng luha ang kanyang mga mata. Ang kanyang malayo at malamig na boses ay parang tinusok ang kanyang puso, ngunit mahusay niyang itinago ang kanyang paghihirap. ""Nakalimutan mo na ba kung anong araw ngayon?""  

Tatlong taon na silang ikinasal nang palihim, ngunit bihira silang magkita. Ngayon ay anibersaryo ng kanilang kasal, ang araw na dapat ay uuwi siya. Nangako siya na ipagdiwang niya ito kasama siya.  

Sa kasamaang-palad, pinutol lang siya nito at umungol na may inis, ""Darating ako mamaya. Huwag kang mag-alala.""  

Pagkatapos noon, agad itong nagpatay ng telepono. Sumidhi ang lungkot ni Abigail nang marinig niya ang nanlait na dial tone. Pagkatapos, inilayo niya ang kanyang ulo at kumuha ng ilang malalim na paghinga upang kumalma. Sa wakas, tinawag niya ang kanyang matalik na kaibigan na si Luna Smith para sunduin siya.  

Makalipas ang sampung minuto, may mabilis na yabag na narinig mula sa kabilang dulo ng pasilyo. Ang babaeng iyon ay mukhang cool at kaakit-akit, ang kanyang maikling buhok na may kulay asul at pilak na streaks ay sumasabay sa kanyang paglakad.  

Para kay Luna, ang kanyang nakakagulat na ganda ay hindi na bago, at iniangat niya ang kanyang makapal na kilay habang diretsong lumapit kay Abigail. Nang makita niyang napakaputla ni Abigail, nagsisi siya ngunit hindi niya napigilan ang pagsabihan ito nang mahina, ""Nabubuhay siya ng pangarap na buhay kasama si Jane. Ano ang silbi ng pagpapainiksyon mo ng oval?""  

Walang imik na ikinapa ni Abigail. Hindi masaya ang kanyang pag-aasawa kay Shane dahil ang kanyang lolo na si Colby ang nagpilit sa kanila na magpakasal.  

Gayunpaman, hindi tumanggi si Abigail nang magproposa ito at kahit na lihim siyang nagdiwang dahil walang nakakaalam na matagal na siyang nagkagusto kay Shane. Pagkatapos lang ng kasal nito nalaman niyang si Shane ay may unang pag-ibig na nagngangalang Jane Palmer, at inisip ni Colby na hindi siya sapat para sa pamilya Graham. Kaya ginamit niya si Abigail para iwanan ito.",,,,https://29fu390g9.com/?ch=63680&fbPixelId=869237705791762,29FU390G9.COM,Download,3w
Linda Lee Anderson,,https://scontent.fmnl8-3.fna.fbcdn.net/v/t39.35426-6/615135418_865259306120044_7816702360506266252_n.jpg?stp=dst-jpg_s60x60_tt6&_nc_cat=105&ccb=1-7&_nc_sid=c53f8f&_nc_ohc=_rT8wYwTsaEQ7kNvwH68wH1&_nc_oc=AdkFaQHWKIDXfxtBU5p4ejLYKUiwrEdx2xARYMkP8skbjxg7OZvN53GCO60K8AHHdDk&_nc_zt=14&_nc_ht=scontent.fmnl8-3.fna&_nc_gid=eELFFgSXOYX7DCuFAscv0Q&oh=00_Afrc1WwfBgEjRd6Y_ekTY6iO3NFASH1VSX-Yhc8iK1TF_A&oe=696B4BCA,"💖 Nais kong ibahagi ang pagmamahal sa mga nagmamahal din sa akin!
🙏 Dahil sa inyong suporta, nagkaroon ako ng lakas ngayon.
⏳ Oo, kailangan ng oras at sakripisyo, pero hindi ako sumusuko!
✨ May lihim akong natuklasan—baka ito na ang huling pagkakataon ngayong taon…
🔥 Matalino ka, huwag mong palampasin—i-download ang APP at magtagumpay tayo!",,,,https://29fu390g9.com/?ch=63680&fbPixelId=869237705791762,29FU390G9.COM,Download,2d
Kenneth Scott Smith,,https://scontent.fmnl8-6.fna.fbcdn.net/v/t39.35426-6/615886103_859811656951014_1320644012690741089_n.jpg?stp=dst-jpg_s60x60_tt6&_nc_cat=100&ccb=1-7&_nc_sid=c53f8f&_nc_ohc=HbyUGFE7i8UQ7kNvwEVQMzH&_nc_oc=Adl-yEmO_kpRklusAfvyxNHWJgQZuADkbdkhJXEBUICTB4PwMfR2x9BapQBbDXHeRyM&_nc_zt=14&_nc_ht=scontent.fmnl8-6.fna&_nc_gid=eELFFgSXOYX7DCuFAscv0Q&oh=00_AfpGWYSzBBLctvsVb7oAL8Ho7D3BELmVNKlrFrCOV1lLAQ&oe=696B4BE0,"💖 Nais kong ibahagi ang pagmamahal sa mga nagmamahal din sa akin!
🙏 Dahil sa inyong suporta, nagkaroon ako ng lakas ngayon.
⏳ Oo, kailangan ng oras at sakripisyo, pero hindi ako sumusuko!
✨ May lihim akong natuklasan—baka ito na ang huling pagkakataon ngayong taon…
🔥 Matalino ka, huwag mong palampasin—i-download ang APP at magtagumpay tayo!",,,,https://29fu390g9.com/?ch=63680&fbPixelId=869237705791762,29FU390G9.COM,Download,20h
Matthew Ruth Miller,,https://scontent.fmnl8-6.fna.fbcdn.net/v/t39.35426-6/615040214_1411005943824869_7154575118211491649_n.jpg?stp=dst-jpg_s60x60_tt6&_nc_cat=100&ccb=1-7&_nc_sid=c53f8f&_nc_ohc=GEmaAyZRF9YQ7kNvwE7d_OV&_nc_oc=AdnIZyUOAMQB4IdeyDH5n0DfqPQI-CY01-3PKal6468WpWoS0q7VRSb8OmYGzdu-dtY&_nc_zt=14&_nc_ht=scontent.fmnl8-6.fna&_nc_gid=eELFFgSXOYX7DCuFAscv0Q&oh=00_AfrtNv9o_u2qtbPX6W4Q5ImJjLjAT_ycmAaMEiGhpOfFfQ&oe=696B4984,"💖 Nais kong ibahagi ang pagmamahal sa mga nagmamahal din sa akin!
🙏 Dahil sa inyong suporta, nagkaroon ako ng lakas ngayon.
⏳ Oo, kailangan ng oras at sakripisyo, pero hindi ako sumusuko!
✨ May lihim akong natuklasan—baka ito na ang huling pagkakataon ngayong taon…
🔥 Matalino ka, huwag mong palampasin—i-download ang APP at magtagumpay tayo!",,,,https://29fu390g9.com/?ch=63680&fbPixelId=869237705791762,29FU390G9.COM,Download,21h
Linda Lee Anderson,,https://scontent.fmnl8-2.fna.fbcdn.net/v/t39.35426-6/614405540_1431870111682895_5920318924541237396_n.jpg?stp=dst-jpg_s60x60_tt6&_nc_cat=111&ccb=1-7&_nc_sid=c53f8f&_nc_ohc=zZo8sYb_vMQQ7kNvwGVm-6v&_nc_oc=AdnkndIK1cEOULRbwklB0k3lLYQWbTk4FVpbRxe65ol3CjYxW2rrXoVDUihxyHMwc2s&_nc_zt=14&_nc_ht=scontent.fmnl8-2.fna&_nc_gid=eELFFgSXOYX7DCuFAscv0Q&oh=00_AfqP-s0djZjyNHLJW9r6aD0be9LXe7k3GI2ZBFQHIflB3w&oe=696B583D,"💖 Nais kong ibahagi ang pagmamahal sa mga nagmamahal din sa akin!
🙏 Dahil sa inyong suporta, nagkaroon ako ng lakas ngayon.
⏳ Oo, kailangan ng oras at sakripisyo, pero hindi ako sumusuko!
✨ May lihim akong natuklasan—baka ito na ang huling pagkakataon ngayong taon…
🔥 Matalino ka, huwag mong palampasin—i-download ang APP at magtagumpay tayo!",,,,https://29fu390g9.com/?ch=63680&fbPixelId=869237705791762,29FU390G9.COM,Download,3h
Gracet Carpenter Sophiet,,https://scontent.fmnl8-5.fna.fbcdn.net/v/t39.35426-6/615169164_1371622871374862_8303407874069826675_n.jpg?stp=dst-jpg_s60x60_tt6&_nc_cat=109&ccb=1-7&_nc_sid=c53f8f&_nc_ohc=ze6ojw8qS3EQ7kNvwGSRlR1&_nc_oc=AdmyI9QDHpT0Mp3LOYuJYE_beO5gQ_kB7nKy24QAxxn6QY0RVTLIStsZVWuVpKXBrcU&_nc_zt=14&_nc_ht=scontent.fmnl8-5.fna&_nc_gid=JBuPXXsR1KjeiHVvwKovMw&oh=00_Afq_9ZEqrg4imo_zXlGLMHT4cflJO-O5PdTyeUJtRyq9AA&oe=696B398B,"🎰 Mga mahilig sa SLOTS, nandito na ’to!
👉 Click dito: https://www.9w0rg-iju6.com/?ch=c20b5627e2

💸 FREE ₱11,111 pag-register
💸 FREE ₱58 sa download ng app
💵 ₱258 First Deposit Bonus 🤯

⚡ Isang click lang, spin agad
🔥 Pwede mag-withdraw, legit panalo!

窦燕山，有义方。教五子，名俱扬。

　　养不教，父之过。教不严，师之惰。

　　子不学，非所宜。幼不学，老何为。

　　玉不琢，不成器。人不学，不知义。

　　为人子，方少时。亲师友，习礼仪。

　　香九龄，能温席。孝于亲，所当执。

　　融四岁，能让梨，悌于长，宜先知。

　　首孝悌，次见闻。知某数，识某文。

　　一而十，十而百。百而千，千而万。

　　三才者，天地人。三光者，日月星。

　　三纲者，君臣义。父子亲，夫妇顺。

　　曰春夏，曰秋冬。此四时，运不穷。

　　曰南北，曰西东。此四方，应乎中。

　　曰水火，木金土。此五行，本乎数。

　　十干者，甲至癸。十二支，子至亥。

　　曰黄道，日所躔。曰赤道，当中权。

　　赤道下，温暖极。我中华，在东北。

　　寒燠均，霜露改。右高原，左大海。

　　曰江河，曰淮济。此四渎，水之纪。

　　曰岱华，嵩恒衡。此五岳，山之名。

　　古九州，今改制，称行省，三十五。

　　曰士农，曰工商。此四民，国之良。

　　曰仁义，礼智信。此五常，不容紊。

　　地所生，有草木。此植物，遍水陆。

　　有虫鱼，有鸟兽。此动物，能飞走。

　　稻粱菽，麦黍稷。此六谷，人所食。

　　马牛羊，鸡犬豕。此六畜，人所饲。

　　曰喜怒，曰哀惧。爱恶欲，七情俱。

　　青赤黄，及黑白。此五色，目所识。

　　酸苦甘，及辛咸。此五味，口所含。

　　膻焦香，及腥朽。此五臭，鼻所嗅。

　　匏土革，木石金。丝与竹，乃八音。

　　曰平上，曰去入。此四声，宜调协。

　　高曾祖，父而身。身而子，子而孙。

　　自子孙，至玄曾。乃九族，人之伦。

　　父子恩，夫妇从。兄则友，弟则恭。

　　长幼序，友与朋。君则敬，臣则忠。

　　此十义，人所同。当师叙，勿违背。

　　斩齐衰，大小功。至缌麻，五服终。

　　礼乐射，御书数。古六艺，今不具。",,,,https://www.9w0rg-iju6.com/?ch=c20b5627e2,9W0RG-IJU6.COM,https://www.9w0rg-iju6.com/?ch=c20b5627e2,11h
Gracet Carpenter Sophiet,,https://scontent.fmnl8-3.fna.fbcdn.net/v/t39.35426-6/615352345_1610312340126339_1715684611735009423_n.jpg?stp=dst-jpg_s60x60_tt6&_nc_cat=105&ccb=1-7&_nc_sid=c53f8f&_nc_ohc=bMbaKKuiLVgQ7kNvwFBbNh-&_nc_oc=Adm1w7rTVArrmXq2NfdMzgeTYl7rglUfkgltd0JuYCc-tZpPzrqHL6vMlUzK-FpUmYE&_nc_zt=14&_nc_ht=scontent.fmnl8-3.fna&_nc_gid=JBuPXXsR1KjeiHVvwKovMw&oh=00_Afp9pihCS5dDEtYbaAPQgh34h5lyCT0SRcrYIW7fnxF5yA&oe=696B2DE9,"🎰 Mga mahilig sa SLOTS, nandito na ’to!
👉 Click dito: https://www.9w0rg-iju6.com/?ch=c20b5627e2

💸 FREE ₱11,111 pag-register
💸 FREE ₱58 sa download ng app
💵 ₱258 First Deposit Bonus 🤯

⚡ Isang click lang, spin agad
🔥 Pwede mag-withdraw, legit panalo!

窦燕山，有义方。教五子，名俱扬。

　　养不教，父之过。教不严，师之惰。

　　子不学，非所宜。幼不学，老何为。

　　玉不琢，不成器。人不学，不知义。

　　为人子，方少时。亲师友，习礼仪。

　　香九龄，能温席。孝于亲，所当执。

　　融四岁，能让梨，悌于长，宜先知。

　　首孝悌，次见闻。知某数，识某文。

　　一而十，十而百。百而千，千而万。

　　三才者，天地人。三光者，日月星。

　　三纲者，君臣义。父子亲，夫妇顺。

　　曰春夏，曰秋冬。此四时，运不穷。

　　曰南北，曰西东。此四方，应乎中。

　　曰水火，木金土。此五行，本乎数。

　　十干者，甲至癸。十二支，子至亥。

　　曰黄道，日所躔。曰赤道，当中权。

　　赤道下，温暖极。我中华，在东北。

　　寒燠均，霜露改。右高原，左大海。

　　曰江河，曰淮济。此四渎，水之纪。

　　曰岱华，嵩恒衡。此五岳，山之名。

　　古九州，今改制，称行省，三十五。

　　曰士农，曰工商。此四民，国之良。

　　曰仁义，礼智信。此五常，不容紊。

　　地所生，有草木。此植物，遍水陆。

　　有虫鱼，有鸟兽。此动物，能飞走。

　　稻粱菽，麦黍稷。此六谷，人所食。

　　马牛羊，鸡犬豕。此六畜，人所饲。

　　曰喜怒，曰哀惧。爱恶欲，七情俱。

　　青赤黄，及黑白。此五色，目所识。

　　酸苦甘，及辛咸。此五味，口所含。

　　膻焦香，及腥朽。此五臭，鼻所嗅。

　　匏土革，木石金。丝与竹，乃八音。

　　曰平上，曰去入。此四声，宜调协。

　　高曾祖，父而身。身而子，子而孙。

　　自子孙，至玄曾。乃九族，人之伦。

　　父子恩，夫妇从。兄则友，弟则恭。

　　长幼序，友与朋。君则敬，臣则忠。

　　此十义，人所同。当师叙，勿违背。

　　斩齐衰，大小功。至缌麻，五服终。

　　礼乐射，御书数。古六艺，今不具。",,,,https://www.9w0rg-iju6.com/?ch=c20b5627e2,9W0RG-IJU6.COM,https://www.9w0rg-iju6.com/?ch=c20b5627e2,19h
Gracet Carpenter Sophiet,,https://scontent.fmnl8-1.fna.fbcdn.net/v/t39.35426-6/615147868_722068480695488_3452457814814066746_n.jpg?stp=dst-jpg_s60x60_tt6&_nc_cat=106&ccb=1-7&_nc_sid=c53f8f&_nc_ohc=BK7EyXgQwBkQ7kNvwG3jBjx&_nc_oc=AdnAzJZzocS8ZTb-0XMhxAeGoDt2IscipxulVkp_A7BU4XNcfwXDZUBaCeTm1Ig7eZc&_nc_zt=14&_nc_ht=scontent.fmnl8-1.fna&_nc_gid=JBuPXXsR1KjeiHVvwKovMw&oh=00_AfrlIKEv6tqzZm1FHHakICzABaBq6AFbC2vPvYQuayhIFg&oe=696B2654,"🎉New platform, register and enjoy P58
💯100% legal game
⚡️Instant cash withdrawal! Lightning withdrawal mode.
⚡️First time deposit will get P 258, 30 times the explosion rate!
　　昔孟母，择邻处。子不学，断机杼。

　　窦燕山，有义方。教五子，名俱扬。

　　养不教，父之过。教不严，师之惰。

　　子不学，非所宜。幼不学，老何为。

　　玉不琢，不成器。人不学，不知义。

　　为人子，方少时。亲师友，习礼仪。

　　香九龄，能温席。孝于亲，所当执。

　　融四岁，能让梨，悌于长，宜先知。

　　首孝悌，次见闻。知某数，识某文。

　　一而十，十而百。百而千，千而万。

　　三才者，天地人。三光者，日月星。

　　三纲者，君臣义。父子亲，夫妇顺。

　　曰春夏，曰秋冬。此四时，运不穷。

　　曰南北，曰西东。此四方，应乎中。

　　曰水火，木金土。此五行，本乎数。

　　十干者，甲至癸。十二支，子至亥。

　　曰黄道，日所躔。曰赤道，当中权。

　　赤道下，温暖极。我中华，在东北。

　　寒燠均，霜露改。右高原，左大海。

　　曰江河，曰淮济。此四渎，水之纪。

　　曰岱华，嵩恒衡。此五岳，山之名。

　　古九州，今改制，称行省，三十五。

　　曰士农，曰工商。此四民，国之良。

　　曰仁义，礼智信。此五常，不容紊。

　　地所生，有草木。此植物，遍水陆。

　　有虫鱼，有鸟兽。此动物，能飞走。

　　稻粱菽，麦黍稷。此六谷，人所食。

　　马牛羊，鸡犬豕。此六畜，人所饲。

　　曰喜怒，曰哀惧。爱恶欲，七情俱。

　　青赤黄，及黑白。此五色，目所识。

　　酸苦甘，及辛咸。此五味，口所含。

　　膻焦香，及腥朽。此五臭，鼻所嗅。

　　匏土革，木石金。丝与竹，乃八音。

　　曰平上，曰去入。此四声，宜调协。

　　高曾祖，父而身。身而子，子而孙。

　　自子孙，至玄曾。乃九族，人之伦。

　　父子恩，夫妇从。兄则友，弟则恭。

　　长幼序，友与朋。君则敬，臣则忠。

　　此十义，人所同。当师叙，勿违背。

　　斩齐衰，大小功。至缌麻，五服终。

　　礼乐射，御书数。古六艺，今不具。

　　惟书学，人共遵。既识字，讲说文。

　　有古文，大小篆。隶草继，不可乱。

　　若广学，惧其繁。但略说，能知原。

　　凡训蒙，须讲究。详训诂，明句读。

　　为学者，必有初。小学终，至四书。

　　论语者，二十篇。群弟子，记善言。

　　孟子者，七篇止。讲道德，说仁义。

　　作中庸，乃孔伋。中不偏，庸不易。

　　作大学，乃曾子。自修齐，至平治。

　　孝经通，四书熟。如六经，始可读。

　　诗书易，礼春秋。号六经，当讲求。

　　有连山，有归藏。有周易，三易详。

　　有典谟，有训诰。有誓命，书之奥。

　　我周公，作周礼。著六官，存治体。

　　大小戴，注礼记。述圣言，礼乐备。

　　曰国风，曰雅颂。号四诗，当讽咏。

　　诗既亡，春秋作。寓褒贬，别善恶。

　　三传者，有公羊。有左氏，有谷梁。

　　经既明，方读子。撮其要，记其事。

　　五子者，有荀扬。文中子，及老庄。

　　经子通，读诸史。考世系，知终始。

　　自羲农，至黄帝。号三皇，居上世。

　　唐有虞，号二帝。相揖逊，称盛世。

　　夏有禹，商有汤。周文武，称三王。

　　夏传子，家天下。四百载，迁夏社。

　　汤伐夏，国号商，六百载，至纣亡。

　　周武王，始诛纣。八百载，最长久。

　　周辙东，王纲坠。逞干戈，尚游说。

　　始春秋，终战国。五霸强，七雄出。

　　嬴秦氏，始兼并。传二世，楚汉争。

　　高祖兴，汉业建。至孝平，王莽篡。

　　光武兴，为东汉。四百年，终于献。

　　魏蜀吴，争汉鼎。号三国，迄两晋。

　　宋齐继，梁陈承。为南朝，都金陵。

　　北元魏，分东西。宇文周，与高齐。

　　迨至隋，一土宇。不再传，失统绪。

　　唐高祖，起义师。除隋乱，创国基。

　　二十传，三百载。梁灭之，国乃改。

　　梁唐晋，及汉周。称五代，皆有由。

　　炎宋兴，受周禅。十八传，南北混。

　　辽与金，皆称帝。元灭金，绝宋世。

　　舆图广，超前代。九十年，国祚废。

　　太祖兴，国大明。号洪武，都金陵。

　　迨成祖，迁燕京。十六世，至崇祯。

　　权阉肆，寇如林。李闯出，神器焚。

　　清世祖，膺景命。靖四方，克大定。

　　由康雍，历乾嘉，民安富，治绩夸。

　　道咸间，变乱起，始英法，扰都鄙。

　　同光后，宣统弱，传九帝，满清殁。

　　革命兴，废帝制，立宪法，建民国。

　　古今史，全在兹。载治乱，知兴衰。

　　史虽繁，读有次。史记一，汉书二。

　　后汉三，国志四。兼证经，参通鉴。

　　读史者，考实录。通古今，若亲目。

　　口而诵，心而惟。朝于斯，夕于斯。

　　昔仲尼，师项橐。古圣贤，尚勤学。

　　赵中令，读鲁论。彼既仕，学且勤。

　　披蒲编，削竹简。彼无书，且知勉。

　　头悬梁，锥刺股。彼不教，自勤苦。

　　如囊萤，如映雪。家虽贫，学不辍。

　　如负薪，如挂角。身虽劳，犹苦卓。

　　苏老泉，二十七。始发奋，读书籍。

　　彼既老，犹悔迟。尔小生，宜早思。

　　若梁灏，八十二。对大廷，魁多士。

　　彼既成，众称异。尔小生，宜立志。

　　莹八岁，能咏诗。泌七岁，能赋棋。

　　彼颖悟，人称奇。尔幼学，当效之。

　　蔡文姬，能辨琴。谢道韫，能咏吟。

　　彼女子，且聪敏。尔男子，当自警。

　　唐刘晏，方七岁。举神童，作正字。",,,,https://www.9houae-pvi09.com/?ch=c20b5627e2,9HOUAE-PVI09.COM,"WWW.9HOUAE-PVI09.COM
Down App 💰 Get P58
Download",57m
Anna Reyes,,https://scontent.fmnl8-3.fna.fbcdn.net/v/t39.35426-6/615205268_1416153313506856_1501677192709766566_n.jpg?stp=dst-jpg_s60x60_tt6&_nc_cat=105&ccb=1-7&_nc_sid=c53f8f&_nc_ohc=uBZ1gxNCL1cQ7kNvwG64jcC&_nc_oc=AdnO1R5LXdSoxuWAgQ0FD9jKY92GUiFvGU1UkxBaKxTNdgYr5oZDZ0WyrmLZJVNEb3c&_nc_zt=14&_nc_ht=scontent.fmnl8-3.fna&_nc_gid=JBuPXXsR1KjeiHVvwKovMw&oh=00_AfpsxuOKJQLl2cqct9NS1Ef2DcmfVIHXcGhXnFLb654HUg&oe=696B251D,"🔥 ₱572 BONUS NGAYON
₱11 Register | ₱61 Download | ₱500 Deposit
😍📚
😍📚
😍📚
😍📚
😍📚
😍📚 
😍📚
😍📚
😍📚 
😍📚 
😍📚 
😍📚 
😍📚 
""""Darling, please love me once."""" """"Mr. Graham, I don't know you.""""""📚 Chapter 1 Let's get divorced. 'Your husband is with another woman.' When Abigail Quinn received a text message from her best friend, she had just had an ovulatory injection and was resting on a bench in the outpatient clinic, trying to suppress the piercing pain in her stomach. Her hair was black and her skin was as fair as snow, but there was no trace of blood on her face anymore. Even so, it did not overshadow her magnificent features and passersby kept turning their heads to look at her. Then, she took a deep breath and tapped with a trembling finger, and opened the photo on her cell phone to take a look. It was a picture of Sean Graham walking out of a hotel holding a woman in a pink dress. The man’s usually cold and cold face seemed to soften as he turned his head towards the woman in the picture. Abigail knew who the woman was, Sean’s first love, John Palmer. After a while, she came to her senses, found Sean’s number, and called him. She waited for the busy dial tone to end for a long time, and finally the man’s distinct voice rang out from the other end of the call. “What’s the matter?” “Are you coming home tonight?” Actually, she wanted to ask if he even wanted to come home. Alas, it was clear that her call itself had made Sean feel angry. After a few seconds of silence like this, she said impatiently, “Is there an important issue that we need to discuss?” Tears immediately welled up in her eyes, her indifferent voice stabbing her heart like a knife, but she skillfully hid her sadness. """"Did you forget what day it is today?"""" They had been secretly married for three years but they rarely saw each other. Today was their wedding anniversary, the day he was supposed to return home. He had promised her that he would spend the day with her. Unfortunately, he just cut her off and muttered in annoyance, """"I'll be back later. Don't worry."""" He didn't waste any time after that. Abigail's heart sank into the pits when she heard the monotonous dial tone. Then, she threw her head back and took a few deep breaths to compose herself. Finally, she called her best friend Luna Smith to come get her. Ten minutes later, the sound of quick footsteps echoed from the other end of the corridor. The woman looked cool and charming as her clean-cut short hair dyed blue with silver streaks quickly moved down the corridor as she moved. For Luna, the surprised looks that greeted her were no longer a surprise, and she raised her bushy eyebrows as she walked straight to Abigail. She felt sorry when she saw that Abigail's face was terribly pale, but she couldn't help but reprimand her in a low voice, """"He's living his dream life with John. What's the point of giving you ovulation injections?"""" Abigail nodded without a word. Her marriage to Sean was not a happy one because it was her grandfather Colby who forced them together.",,,,https://nowgamesjl111.online/luiso,NOWGAMESJL111.ONLINE,Download,15h
Anna Reyes,,https://scontent.fmnl8-4.fna.fbcdn.net/v/t39.35426-6/615221454_1259377389398553_2348325893249762692_n.jpg?stp=dst-jpg_s60x60_tt6&_nc_cat=102&ccb=1-7&_nc_sid=c53f8f&_nc_ohc=wcIsFeggAnYQ7kNvwFIjXOh&_nc_oc=AdmgbdQjqpsQNcEmwlKvawYXU22glnLbCGHtlFaus3R9Dm1znxNp1LGhG2A13iFDvD0&_nc_zt=14&_nc_ht=scontent.fmnl8-4.fna&_nc_gid=JBuPXXsR1KjeiHVvwKovMw&oh=00_AfpXErIyXAs9Q6UvyHI14_hOa_rINCZ11FjLRT4y8hQJBQ&oe=696B59C0,"🎁 ₱572 BONUS WAITING
₱11 Register | ₱61 Download | ₱500 First Deposit
😍📚
😍📚
😍📚
😍📚
😍📚
😍📚 
😍📚
😍📚
😍📚 
😍📚 
😍📚 
😍📚 
😍📚 
""""Darling, please love me once."""" """"Mr. Graham, I don't know you.""""""📚 Chapter 1 Let's get divorced. 'Your husband is with another woman.' When Abigail Quinn received a text message from her best friend, she had just had an ovulatory injection and was resting on a bench in the outpatient clinic, trying to suppress the piercing pain in her stomach. Her hair was black and her skin was as fair as snow, but there was no trace of blood on her face anymore. Even so, it did not overshadow her magnificent features and passersby kept turning their heads to look at her. Then, she took a deep breath and tapped with a trembling finger, and opened the photo on her cell phone to take a look. It was a picture of Sean Graham walking out of a hotel holding a woman in a pink dress. The man’s usually cold and cold face seemed to soften as he turned his head towards the woman in the picture. Abigail knew who the woman was, Sean’s first love, John Palmer. After a while, she came to her senses, found Sean’s number, and called him. She waited for the busy dial tone to end for a long time, and finally the man’s distinct voice rang out from the other end of the call. “What’s the matter?” “Are you coming home tonight?” Actually, she wanted to ask if he even wanted to come home. Alas, it was clear that her call itself had made Sean feel angry. After a few seconds of silence like this, she said impatiently, “Is there an important issue that we need to discuss?” Tears immediately welled up in her eyes, her indifferent voice stabbing her heart like a knife, but she skillfully hid her sadness. """"Did you forget what day it is today?"""" They had been secretly married for three years but they rarely saw each other. Today was their wedding anniversary, the day he was supposed to return home. He had promised her that he would spend the day with her. Unfortunately, he just cut her off and muttered in annoyance, """"I'll be back later. Don't worry."""" He didn't waste any time after that. Abigail's heart sank into the pits when she heard the monotonous dial tone. Then, she threw her head back and took a few deep breaths to compose herself. Finally, she called her best friend Luna Smith to come get her. Ten minutes later, the sound of quick footsteps echoed from the other end of the corridor. The woman looked cool and charming as her clean-cut short hair dyed blue with silver streaks quickly moved down the corridor as she moved. For Luna, the surprised looks that greeted her were no longer a surprise, and she raised her bushy eyebrows as she walked straight to Abigail. She felt sorry when she saw that Abigail's face was terribly pale, but she couldn't help but reprimand her in a low voice, """"He's living his dream life with John. What's the point of giving you ovulation injections?"""" Abigail nodded without a word. Her marriage to Sean was not a happy one because it was her grandfather Colby who forced them together.",image,https://scontent.fmnl8-6.fna.fbcdn.net/v/t39.35426-6/613759564_3184490948420925_8934490590804009708_n.jpg?stp=dst-jpg_s600x600_tt6&_nc_cat=104&ccb=1-7&_nc_sid=c53f8f&_nc_ohc=TaLXOLeI2F8Q7kNvwF1HbUg&_nc_oc=AdmXVnmyYjVEO7DmQKcZrnJV8rjjJgFXIaSFu0ReaGo1nZ3gmWwVxol6mfblrzg_tK0&_nc_zt=14&_nc_ht=scontent.fmnl8-6.fna&_nc_gid=JBuPXXsR1KjeiHVvwKovMw&oh=00_AfqKV6lr9tyXzlkzrs9HCzpbvUX1roto0ZLRpuvV44k7OA&oe=696B2886,,https://nowgamesjl111.online/luiso,NOWGAMESJL111.ONLINE,Download,16m
JL29.com,,https://scontent.fmnl8-6.fna.fbcdn.net/v/t39.35426-6/615397022_1211579147056557_5152724978849886172_n.jpg?stp=dst-jpg_s60x60_tt6&_nc_cat=104&ccb=1-7&_nc_sid=c53f8f&_nc_ohc=e8l6U1kklKYQ7kNvwFPm6t_&_nc_oc=AdkcRNwrhPhlYBYmTI9QIDOThD49NozsqDXALmnDY0XIg9JjXiVZeytpOiVjcL73_dA&_nc_zt=14&_nc_ht=scontent.fmnl8-6.fna&_nc_gid=JBuPXXsR1KjeiHVvwKovMw&oh=00_AfrJmy8soh4YrMlFdfxk4fYOBNDAn5tjRr-hkrmdTCdWVA&oe=696B4CF0,"""🏆 Pinakabagong Platform 😍😍
🦁 Gustong maranasan ang excitement ng Las Vegas? 🦁
🔥 Ang iyong buhay ay hindi magiging pareho 🔥
Ang 𝓳𝓲𝓵𝓲QQ ay may daan-daang laro, palaging may isa na angkop para sa iyo.""🎁🎁🎁
🎁🎁
🎁🎁
🎁🎁
🎁🎁
🎁🎁
🎁🎁
🎁🎁
🎁🎁
🎁🎁
🎁🎁　六王毕，四海一，蜀山兀，阿房出。覆压三百余里，隔离天日。骊山北构而西折，直走咸阳。二川溶溶，流入宫墙。五步一楼，十步一阁；廊腰缦回，檐牙高啄；各抱地势，钩心斗角。盘盘焉，囷囷焉，蜂房水涡，矗不知其几千万落。长桥卧波，未云何龙？复道行空，不霁何虹？高低冥迷，不知西东。歌台暖响，春光融融；舞殿冷袖，风雨凄凄。一日之内，一宫之间，而气候不齐。(不知乎 一作：不知其；西东 一作：东西)

　　妃嫔媵嫱，王子皇孙，辞楼下殿，辇来于秦，朝歌夜弦，为秦宫人。明星荧荧，开妆镜也；绿云扰扰，梳晓鬟也；渭流涨腻，弃脂水也；烟斜雾横，焚椒兰也。雷霆乍惊，宫车过也；辘辘远听，杳不知其所之也。一肌一容，尽态极妍，缦立远视，而望幸焉。有不得见者，三十六年。(有不得见者 一作：有不见者)

　　燕赵之收藏，韩魏之经营，齐楚之精英，几世几年，剽掠其人，倚叠如山。一旦不能有，输来其间。鼎铛玉石，金块珠砾，弃掷逦迤，秦人视之，亦不甚惜。嗟乎！一人之心，千万人之心也。秦爱纷奢，人亦念其家。奈何取之尽锱铢，用之如泥沙？使负栋之柱，多于南亩之农夫；架梁之椽，多于机上之工女；钉头磷磷，多于在庾之粟粒；瓦缝参差，多于周身之帛缕；直栏横槛，多于九土之城郭；管弦呕哑，多于市人之言语。使天下之人，不敢言而敢怒。独夫之心，日益骄固。戍卒叫，函谷举，楚人一炬，可怜焦土！

　　呜呼！灭六国者六国也，非秦也；族秦者秦也，非天下也。嗟乎！使六国各爱其人，则足以拒秦；使秦复爱六国之人，则递三世可至万世而为君，谁得而族灭也？秦人不暇自哀，而后人哀之；后人哀之而不鉴之，亦使后人而复哀后人也。",,,,https://i8k9f2d.com/?ch=8061&fbPixelId=1218307693546167,I8K9F2D.COM,Download,4d
Lucy Gomez,,https://scontent.fmnl8-2.fna.fbcdn.net/v/t39.35426-6/615235028_1209381128038690_9116861445575402079_n.jpg?stp=dst-jpg_s60x60_tt6&_nc_cat=111&ccb=1-7&_nc_sid=c53f8f&_nc_ohc=ThlrTHvkrkUQ7kNvwFmARK0&_nc_oc=AdlvCzu6UIiGZMDFtN1wT-DQZRXxy0s8nlHv1uR7yI-MHHhQIHvT-NKtsEcM-Tc0YuA&_nc_zt=14&_nc_ht=scontent.fmnl8-2.fna&_nc_gid=IPME0K76zlWubGYnXzQirQ&oh=00_Afp9kwpappVmhdA87HPWglxf7dgry6Nahr36PWls5vBvLg&oe=696B25EE,"“Napapansin mo ba na madalas, hindi dahil tamad ka—”
“kundi kahit anong sipag mo, hirap pa ring magbago ang kita?”

“Araw-araw kang pagod sa trabaho,”
“pero pagdating ng sweldo, ubos agad.”
“Gusto mong mag-side hustle para makaahon,”
“pero wala kang puhunan, wala kang resources, at hindi mo alam kung saan magsisimula.”
“Habang nag-i-scroll ka sa phone,”
“nakikita mo ang iba na parang ang dali lang kumita,”
“habang ikaw, mas lalo lang nai-stress.”

“Ang totoo, hindi kakulangan sa oportunidad ang problema.”
“Ang kulang ay isang platapormang ligtas at kayang simulan ng ordinaryong tao.”
“Ngayon, may bagong opsyon ka na — JILI.”

“Sa JILI, hindi kailangan ng sugal o malaking risk para kumita.”
“Sa bagong rehistro, may ₱1,888.88 welcome benefits + ₱500 free bonus.”
“Kahit walang puhunan, puwede kang mag-try, mag-explore, at kumita.”
“May daily check-in, reward exchange, at libreng treasure hunt,”
“kung saan puwedeng umabot hanggang ₱77,777 ang panalo,”
“at ang bakanteng oras mo ay nagiging unti-unting ipon.”

“Kung handa kang mag-share,”
“puwede kang kumita ng ₱350 sa bawat kaibigang ma-invite.”
“Mayroon ding 5% long-term commission,”
“ibig sabihin, habang aktibo ang kaibigan mo, tuloy-tuloy din ang kita mo —”
“isang praktikal na paraan para makabuo ng passive income.”

“Hindi dapat puro tiis lang ang buhay.”
“Minsan, isang tamang pagkakataon lang ang kulang.”
“Simulan mo sa JILI,”
“at bigyan mo ang sarili mo ng chance”
“para sa mas maayos na bukas.”",,,,https://bhe783fu4.com/?ch=13300&fbPixelId=896923812870585,BHE783FU4.COM,Download,3w
Lucy Gomez,,https://scontent.fmnl8-6.fna.fbcdn.net/v/t39.35426-6/615893318_847900244675122_5389810666796678840_n.jpg?stp=dst-jpg_s60x60_tt6&_nc_cat=100&ccb=1-7&_nc_sid=c53f8f&_nc_ohc=Hba-799rm5EQ7kNvwHi7mgl&_nc_oc=Adk-fo5b4E3oPNqcXTAul86wuicVB0yT4LFYrtOhrmXAeoIezIuwshub78hyGF36XDg&_nc_zt=14&_nc_ht=scontent.fmnl8-6.fna&_nc_gid=IPME0K76zlWubGYnXzQirQ&oh=00_AfpiCsOPuejOwovc6Hj92CNsGXh8CXVgT-_mZlcgrvQPOg&oe=696B3ACB,"“Napapansin mo ba na madalas, hindi dahil tamad ka—”
“kundi kahit anong sipag mo, hirap pa ring magbago ang kita?”

“Araw-araw kang pagod sa trabaho,”
“pero pagdating ng sweldo, ubos agad.”
“Gusto mong mag-side hustle para makaahon,”
“pero wala kang puhunan, wala kang resources, at hindi mo alam kung saan magsisimula.”
“Habang nag-i-scroll ka sa phone,”
“nakikita mo ang iba na parang ang dali lang kumita,”
“habang ikaw, mas lalo lang nai-stress.”

“Ang totoo, hindi kakulangan sa oportunidad ang problema.”
“Ang kulang ay isang platapormang ligtas at kayang simulan ng ordinaryong tao.”
“Ngayon, may bagong opsyon ka na — JILI.”

“Sa JILI, hindi kailangan ng sugal o malaking risk para kumita.”
“Sa bagong rehistro, may ₱1,888.88 welcome benefits + ₱500 free bonus.”
“Kahit walang puhunan, puwede kang mag-try, mag-explore, at kumita.”
“May daily check-in, reward exchange, at libreng treasure hunt,”
“kung saan puwedeng umabot hanggang ₱77,777 ang panalo,”
“at ang bakanteng oras mo ay nagiging unti-unting ipon.”

“Kung handa kang mag-share,”
“puwede kang kumita ng ₱350 sa bawat kaibigang ma-invite.”
“Mayroon ding 5% long-term commission,”
“ibig sabihin, habang aktibo ang kaibigan mo, tuloy-tuloy din ang kita mo —”
“isang praktikal na paraan para makabuo ng passive income.”

“Hindi dapat puro tiis lang ang buhay.”
“Minsan, isang tamang pagkakataon lang ang kulang.”
“Simulan mo sa JILI,”
“at bigyan mo ang sarili mo ng chance”
“para sa mas maayos na bukas.”",,,,https://bhe783fu4.com/?ch=13300&fbPixelId=896923812870585,BHE783FU4.COM,Download,7h
DreameShort Entertainment,,https://scontent.fmnl8-3.fna.fbcdn.net/v/t39.35426-6/613794225_2095007937939346_8676215049348384854_n.jpg?stp=dst-jpg_s60x60_tt6&_nc_cat=110&ccb=1-7&_nc_sid=c53f8f&_nc_ohc=_EW0MkdL67AQ7kNvwFbYNB5&_nc_oc=AdmIjvucvvetgV643_aYgrw6hj9Xx8KN9NEGJpPXn83bY0WhDpQieS2EyZHbZsIXV2U&_nc_zt=14&_nc_ht=scontent.fmnl8-3.fna&_nc_gid=IPME0K76zlWubGYnXzQirQ&oh=00_AfozwwRbelthf4pwOjOHgeiWOEa2_FEF_g4vQpBr5X0-Cw&oe=696B52CA,"📲Continue watching▶️👉🔥When My Ex Becomes My Gynecologist🔥
💔Grace's wedding day was ruined when another woman kissed her groom - what she didn't see was him pushing the woman away and waiting at the altar for 24 hours! 😱Now, five years later, she nervously opens her legs for a routine gynecological exam... only to find her ex-fiancé is the world-renowned doctor examining her! 🏥😳
🔥'My private life isn't your concern,' she says, blushing. 
He pulls her close, his voice dangerously low: 'Every inch of you has always been mine. This time, I won't let you escape.' 💍👄
From altar to examination table - will their love get a second diagnosis? 🩺💘",,,,https://mkt.zrgnovel.com/dreame/adlanding/10/4057464832/9528/fb70479/202618102700262?utm_source=facebook_ads&utm_campaign={{campaign.name}}&af_c_id=120237765427050006&af_adset={{adset.name}}&af_adset_id=120237765428460006&af_ad_id={{ad.id}}&af_ad={{ad.name}}&af_channel={{site_source_name}}&placement={{placement}}&px=2068579210570479&random=MTIwMjM3NzY1NDI3MDUwMDA21768242028536082,MKT.ZRGNOVEL.COM,Download,20h
DreameShort Entertainment,,https://scontent.fmnl8-1.fna.fbcdn.net/v/t39.35426-6/615471178_25872296655792669_4097121909805980927_n.jpg?stp=dst-jpg_s60x60_tt6&_nc_cat=106&ccb=1-7&_nc_sid=c53f8f&_nc_ohc=_blbY-85S1cQ7kNvwFVIFK0&_nc_oc=AdnSFQ5ObtUpL86HNYQIJ-uHJJ30zn__7mjhQXnXSd6PAbmPHgaZkLty6PRNy1fz7ag&_nc_zt=14&_nc_ht=scontent.fmnl8-1.fna&_nc_gid=IPME0K76zlWubGYnXzQirQ&oh=00_AfqpNK8WJ7v493l_mCFnc2X9CH4_nXWWr0-0MoYLh6J6-A&oe=696B2DA4,"📲Continue watching▶️👉🔥When My Ex Becomes My Gynecologist🔥
💔Grace's wedding day was ruined when another woman kissed her groom - what she didn't see was him pushing the woman away and waiting at the altar for 24 hours! 😱Now, five years later, she nervously opens her legs for a routine gynecological exam... only to find her ex-fiancé is the world-renowned doctor examining her! 🏥😳
🔥'My private life isn't your concern,' she says, blushing. 
He pulls her close, his voice dangerously low: 'Every inch of you has always been mine. This time, I won't let you escape.' 💍👄
From altar to examination table - will their love get a second diagnosis? 🩺💘",,,,https://mkt.zrgnovel.com/dreame/adlanding/10/4057464832/9528/fb70479/202618102700262?utm_source=facebook_ads&utm_campaign={{campaign.name}}&af_c_id=120237765427780006&af_adset={{adset.name}}&af_adset_id=120237765429100006&af_ad_id={{ad.id}}&af_ad={{ad.name}}&af_channel={{site_source_name}}&placement={{placement}}&px=2068579210570479&random=MTIwMjM3NzY1NDI3NzgwMDA21768242025329224,MKT.ZRGNOVEL.COM,Download,2w
DreameShort Entertainment,,https://scontent.fmnl8-5.fna.fbcdn.net/v/t39.35426-6/615540022_1390760392533119_8342202360897601923_n.jpg?stp=dst-jpg_s60x60_tt6&_nc_cat=109&ccb=1-7&_nc_sid=c53f8f&_nc_ohc=zSgphHhmO2AQ7kNvwG9UyFK&_nc_oc=AdnlntoleE8zdLu-N_Maru_ATXbxhedpkYM86eZ3eDQGe248ELpDjK0H7YiQOYR6N_0&_nc_zt=14&_nc_ht=scontent.fmnl8-5.fna&_nc_gid=IPME0K76zlWubGYnXzQirQ&oh=00_Afo81_9R1s1lJ9aAj3E95Z2V--_r7_qBF0WoTVlmOAq6_A&oe=696B4B51,"📲Continue watching▶️👉🔥When My Ex Becomes My Gynecologist🔥
💔Grace's wedding day was ruined when another woman kissed her groom - what she didn't see was him pushing the woman away and waiting at the altar for 24 hours! 😱Now, five years later, she nervously opens her legs for a routine gynecological exam... only to find her ex-fiancé is the world-renowned doctor examining her! 🏥😳
🔥'My private life isn't your concern,' she says, blushing. 
He pulls her close, his voice dangerously low: 'Every inch of you has always been mine. This time, I won't let you escape.' 💍👄
From altar to examination table - will their love get a second diagnosis? 🩺💘",,,,https://mkt.zrgnovel.com/dreame/adlanding/10/4057464832/9528/fb70479/202618102700262?utm_source=facebook_ads&utm_campaign={{campaign.name}}&af_c_id=120237764655990006&af_adset={{adset.name}}&af_adset_id=120237764657500006&af_ad_id={{ad.id}}&af_ad={{ad.name}}&af_channel={{site_source_name}}&placement={{placement}}&px=2068579210570479&random=MTIwMjM3NzY0NjU1OTkwMDA21768241489895411,MKT.ZRGNOVEL.COM,Download,1d
DreameShort Entertainment,,https://scontent.fmnl8-4.fna.fbcdn.net/v/t39.35426-6/615216178_1928984108003484_7835184166344482565_n.jpg?stp=dst-jpg_s60x60_tt6&_nc_cat=102&ccb=1-7&_nc_sid=c53f8f&_nc_ohc=eYlcFCnXyHYQ7kNvwFOgwW1&_nc_oc=Adk2AI7Ol-jSczNYYGVf_Jdm5f5iF1VrEIQ8N9RyAFcpWLqtA_0oB_eg6QCVzOBrLAA&_nc_zt=14&_nc_ht=scontent.fmnl8-4.fna&_nc_gid=TkrNN9C84z458VmcwUY7wQ&oh=00_AfpTylXdgdL8vWldGGtgSGDP6g5oKwsMQmyW8rS6_nYNxg&oe=696B5154,"📲Continue watching▶️👉🔥When My Ex Becomes My Gynecologist🔥
💔Grace's wedding day was ruined when another woman kissed her groom - what she didn't see was him pushing the woman away and waiting at the altar for 24 hours! 😱Now, five years later, she nervously opens her legs for a routine gynecological exam... only to find her ex-fiancé is the world-renowned doctor examining her! 🏥😳
🔥'My private life isn't your concern,' she says, blushing. 
He pulls her close, his voice dangerously low: 'Every inch of you has always been mine. This time, I won't let you escape.' 💍👄
From altar to examination table - will their love get a second diagnosis? 🩺💘",,,,https://mkt.zrgnovel.com/dreame/adlanding/10/4057464832/9528/fb70479/202618102700262?utm_source=facebook_ads&utm_campaign={{campaign.name}}&af_c_id=120237764655990006&af_adset={{adset.name}}&af_adset_id=120237764657500006&af_ad_id={{ad.id}}&af_ad={{ad.name}}&af_channel={{site_source_name}}&placement={{placement}}&px=2068579210570479&random=MTIwMjM3NzY0NjU1OTkwMDA21768241081138997,MKT.ZRGNOVEL.COM,Download,32m
DreameShort Entertainment,,https://scontent.fmnl8-6.fna.fbcdn.net/v/t39.35426-6/615552911_1503443611788939_7722651166569758921_n.jpg?stp=dst-jpg_s60x60_tt6&_nc_cat=100&ccb=1-7&_nc_sid=c53f8f&_nc_ohc=R8Zcfb0gSNsQ7kNvwFU8y3U&_nc_oc=Adk7FDjzphJQg4Vz5TxwiE2ByHToecWfyHVom0bgUOF6earN8C6bGsKkG5IrlGATFNE&_nc_zt=14&_nc_ht=scontent.fmnl8-6.fna&_nc_gid=TkrNN9C84z458VmcwUY7wQ&oh=00_AfqSABXiHfcrBKWsciIsX-2nuO6wybSlPmAvChelNwW_2Q&oe=696B2DAA,"📲Continue watching▶️👉🔥When My Ex Becomes My Gynecologist🔥
💔Grace's wedding day was ruined when another woman kissed her groom - what she didn't see was him pushing the woman away and waiting at the altar for 24 hours! 😱Now, five years later, she nervously opens her legs for a routine gynecological exam... only to find her ex-fiancé is the world-renowned doctor examining her! 🏥😳
🔥'My private life isn't your concern,' she says, blushing. 
He pulls her close, his voice dangerously low: 'Every inch of you has always been mine. This time, I won't let you escape.' 💍👄
From altar to examination table - will their love get a second diagnosis? 🩺💘",,,,https://mkt.zrgnovel.com/dreame/adlanding/10/4057464832/9528/fb70479/202618102700262?utm_source=facebook_ads&utm_campaign={{campaign.name}}&af_c_id=120237764655940006&af_adset={{adset.name}}&af_adset_id=120237764657510006&af_ad_id={{ad.id}}&af_ad={{ad.name}}&af_channel={{site_source_name}}&placement={{placement}}&px=2068579210570479&random=MTIwMjM3NzY0NjU1OTQwMDA21768241081523110,MKT.ZRGNOVEL.COM,Download,4w
DreameShort Entertainment,,https://scontent.fmnl8-2.fna.fbcdn.net/v/t39.35426-6/615335295_1971523396764560_2836368659095802352_n.jpg?stp=dst-jpg_s60x60_tt6&_nc_cat=103&ccb=1-7&_nc_sid=c53f8f&_nc_ohc=7J3QqvIyjzYQ7kNvwExIAUR&_nc_oc=Adkf7USCoFYCnfV-YEZTnjY-7t3X4B-IeknoZ-RZbJ2cmrswMLrTK2qhNl63yhtK7Hc&_nc_zt=14&_nc_ht=scontent.fmnl8-2.fna&_nc_gid=TkrNN9C84z458VmcwUY7wQ&oh=00_Afq-iHZiuXGZSrpI6BzmVAWXSyHjpEJwoXLQDOwoziPb7w&oe=696B4CA5,"📲Continue watching▶️👉🔥When My Ex Becomes My Gynecologist🔥
💔Grace's wedding day was ruined when another woman kissed her groom - what she didn't see was him pushing the woman away and waiting at the altar for 24 hours! 😱Now, five years later, she nervously opens her legs for a routine gynecological exam... only to find her ex-fiancé is the world-renowned doctor examining her! 🏥😳
🔥'My private life isn't your concern,' she says, blushing. 
He pulls her close, his voice dangerously low: 'Every inch of you has always been mine. This time, I won't let you escape.' 💍👄
From altar to examination table - will their love get a second diagnosis? 🩺💘",,,,https://mkt.zrgnovel.com/dreame/adlanding/10/4057464832/9528/fb70479/202618102700262?utm_source=facebook_ads&utm_campaign={{campaign.name}}&af_c_id=120237764861870006&af_adset={{adset.name}}&af_adset_id=120237764862700006&af_ad_id={{ad.id}}&af_ad={{ad.name}}&af_channel={{site_source_name}}&placement={{placement}}&px=2068579210570479&random=MTIwMjM3NzY0ODYxODcwMDA21768241489451674,MKT.ZRGNOVEL.COM,Download,6d
DreameShort Entertainment,,https://scontent.fmnl8-2.fna.fbcdn.net/v/t39.35426-6/615407955_1415084123342467_5439590143307601547_n.jpg?stp=dst-jpg_s60x60_tt6&_nc_cat=103&ccb=1-7&_nc_sid=c53f8f&_nc_ohc=ZVawqFrC3tEQ7kNvwFWw_Hu&_nc_oc=AdmRFcn6WCMek42ha4jSlW0e0Y_bzAivWf8I50PC7XWV8M6CJ18Zm4nJ8rp3oO6cmBU&_nc_zt=14&_nc_ht=scontent.fmnl8-2.fna&_nc_gid=TkrNN9C84z458VmcwUY7wQ&oh=00_AfqCuma_npQqj8Gk4XyCA_xGTFPHHJ9nRu_GwJ5Pa9tKHQ&oe=696B26F7,"📲Continue watching▶️👉🔥When My Ex Becomes My Gynecologist🔥
💔Grace's wedding day was ruined when another woman kissed her groom - what she didn't see was him pushing the woman away and waiting at the altar for 24 hours! 😱Now, five years later, she nervously opens her legs for a routine gynecological exam... only to find her ex-fiancé is the world-renowned doctor examining her! 🏥😳
🔥'My private life isn't your concern,' she says, blushing. 
He pulls her close, his voice dangerously low: 'Every inch of you has always been mine. This time, I won't let you escape.' 💍👄
From altar to examination table - will their love get a second diagnosis? 🩺💘",,,,https://mkt.zrgnovel.com/dreame/adlanding/10/4057464832/9528/fb70479/202618102700262?utm_source=facebook_ads&utm_campaign={{campaign.name}}&af_c_id=120237764847700006&af_adset={{adset.name}}&af_adset_id=120237764848540006&af_ad_id={{ad.id}}&af_ad={{ad.name}}&af_channel={{site_source_name}}&placement={{placement}}&px=2068579210570479&random=MTIwMjM3NzY0ODQ3NzAwMDA21768241467328141,MKT.ZRGNOVEL.COM,Download,12m
The Gentle Paw Rescue,,https://scontent.fmnl8-4.fna.fbcdn.net/v/t39.35426-6/615420963_1153013156906760_6097876135701414639_n.jpg?stp=dst-jpg_s60x60_tt6&_nc_cat=102&ccb=1-7&_nc_sid=c53f8f&_nc_ohc=uqQWSIdG8ngQ7kNvwGO95bP&_nc_oc=Adl4z8VrATw7ScvWMcyyd68_uHR6y3E8Kkn5mJjCyAH_vfcCAcSg87xceHg4zlZmYEQ&_nc_zt=14&_nc_ht=scontent.fmnl8-4.fna&_nc_gid=TkrNN9C84z458VmcwUY7wQ&oh=00_AfqaPdn5DRYc_Th91_4yo4nmHHfFEWDOr_FYTPbWyUUd4Q&oe=696B31B8,"We use pee pads that literally attract dogs to pee on them...

And honestly, it sounds ridiculous until you see 50 untrained shelter dogs all using them without a single training session.

Let me explain.

We get the hard cases. The seniors who can't hold it anymore. The ones with anxiety. 

Dogs with zero training and sometimes zero trust in humans. 

Every personality, every age, every issue you can imagine.

And here's our reality - we have 50+ dogs at any given time. There is absolutely no way we can potty train every single one. 

We just don't have the hours, the staff, or frankly, the success rate with dogs who've been through trauma.

For years, we dealt with the nightmare. 

Disposable pads everywhere - dogs would shred them, pee right next to them, or the pads would leak through anyway. 

We tried the cheap reusable ones from Amazon. Same disaster. Dogs completely ignored them.

Then last month I visited a shelter two states over for a training workshop. The second I walked in, I noticed something weird - no smell. Like, none. And they had 60 dogs.

I pulled their director aside: ""What are you doing differently?""

She laughed and said, ""Oh, the pads."" Showed me these reusable ones they'd switched to. 

Told me they have a built-in attractant - an actual scent embedded in the fabric that dogs can smell. 

It attracts them to pee on the pad.

I'll be honest - I rolled my eyes. We've tried everything. But I was desperate enough to order a batch.

Day one: I set them up in the kennels. Didn't tell the staff, didn't change anything else. Just wanted to see what happened.

Within hours, dogs were using them. Dogs who'd been peeing on concrete for weeks. Dogs who'd never seen a pee pad before. They'd sniff, circle, and go. Just like that.

We're now four months in. Every single dog that comes through our doors gets these pads in their kennel. 

Our most stubborn, untrained, difficult cases - they all use them. No training sessions. No treats. No begging.

The pads we bought in month one? Still going strong. 

They're supposed to last over a year, and I believe it. 

We just toss them in the wash and rotate them out.

What this actually changed for us:

- Staff spends way less time scrubbing floors
- More time focusing on the dogs themselves
- Even our most challenging cases are using them consistently
- We've saved literal thousands on disposables

I'm sharing this because I know a lot of you are dealing with the same frustrations at home. 

Senior dogs, apartment living, dogs who just won't use regular pads, the constant expense of disposables. 

We've been there. We get it.

The only reason these work when nothing else did is that attractant. Dogs can smell where they're supposed to go. 

We don't get anything for sharing this - just genuinely think it could help some of you out there.

If you want to try them: 

https://shop.puppypad.co/listicle

Hope this helps some of your families! 🐾",,,,https://shop.puppypad.co/listicle,SHOP.PUPPYPAD.CO,https://shop.puppypad.co/listicle,5d
The Gentle Paw Rescue,,https://scontent.fmnl8-2.fna.fbcdn.net/v/t39.35426-6/615801600_2057260855090675_3599401525623480151_n.jpg?stp=dst-jpg_s60x60_tt6&_nc_cat=111&ccb=1-7&_nc_sid=c53f8f&_nc_ohc=M4xsDRTnhCsQ7kNvwGdHyMw&_nc_oc=AdlhXU3QZvRN4y8g4fIbI10y6pts4OOlcAWKqbEgpqA2f_mp_sPpfibKid6gH62rYtc&_nc_zt=14&_nc_ht=scontent.fmnl8-2.fna&_nc_gid=3n2vR4PLONq_Ug1vei2OsQ&oh=00_AfrV6o8qcAV6gp4Yg6tNDfACFJzPQLtcjaMrTOrAede3_A&oe=696B4172,"We use pee pads that literally attract dogs to pee on them...

And honestly, it sounds ridiculous until you see 50 untrained shelter dogs all using them without a single training session.

Let me explain.

We get the hard cases. The seniors who can't hold it anymore. The ones with anxiety. 

Dogs with zero training and sometimes zero trust in humans. 

Every personality, every age, every issue you can imagine.

And here's our reality - we have 50+ dogs at any given time. There is absolutely no way we can potty train every single one. 

We just don't have the hours, the staff, or frankly, the success rate with dogs who've been through trauma.

For years, we dealt with the nightmare. 

Disposable pads everywhere - dogs would shred them, pee right next to them, or the pads would leak through anyway. 

We tried the cheap reusable ones from Amazon. Same disaster. Dogs completely ignored them.

Then last month I visited a shelter two states over for a training workshop. The second I walked in, I noticed something weird - no smell. Like, none. And they had 60 dogs.

I pulled their director aside: ""What are you doing differently?""

She laughed and said, ""Oh, the pads."" Showed me these reusable ones they'd switched to. 

Told me they have a built-in attractant - an actual scent embedded in the fabric that dogs can smell. 

It attracts them to pee on the pad.

I'll be honest - I rolled my eyes. We've tried everything. But I was desperate enough to order a batch.

Day one: I set them up in the kennels. Didn't tell the staff, didn't change anything else. Just wanted to see what happened.

Within hours, dogs were using them. Dogs who'd been peeing on concrete for weeks. Dogs who'd never seen a pee pad before. They'd sniff, circle, and go. Just like that.

We're now four months in. Every single dog that comes through our doors gets these pads in their kennel. 

Our most stubborn, untrained, difficult cases - they all use them. No training sessions. No treats. No begging.

The pads we bought in month one? Still going strong. 

They're supposed to last over a year, and I believe it. 

We just toss them in the wash and rotate them out.

What this actually changed for us:

- Staff spends way less time scrubbing floors
- More time focusing on the dogs themselves
- Even our most challenging cases are using them consistently
- We've saved literal thousands on disposables

I'm sharing this because I know a lot of you are dealing with the same frustrations at home. 

Senior dogs, apartment living, dogs who just won't use regular pads, the constant expense of disposables. 

We've been there. We get it.

The only reason these work when nothing else did is that attractant. Dogs can smell where they're supposed to go. 

We don't get anything for sharing this - just genuinely think it could help some of you out there.

If you want to try them: 

https://shop.puppypad.co/listicle

Hope this helps some of your families! 🐾",,,,https://shop.puppypad.co/listicle,SHOP.PUPPYPAD.CO,https://shop.puppypad.co/listicle,3d
DreameShort Entertainment,,https://scontent.fmnl8-3.fna.fbcdn.net/v/t39.35426-6/615326289_851255434368459_3562619009602920658_n.jpg?stp=dst-jpg_s60x60_tt6&_nc_cat=110&ccb=1-7&_nc_sid=c53f8f&_nc_ohc=1K7Of5zUNDUQ7kNvwGsmMhM&_nc_oc=AdlqucGg1oA-tV1iU-rOjzKmhQCRRPHMimMMCuIbXoEsbZPax8YHNHVk6n9127m2MB8&_nc_zt=14&_nc_ht=scontent.fmnl8-3.fna&_nc_gid=3n2vR4PLONq_Ug1vei2OsQ&oh=00_AfpFunIfny3QMXbd21hV-i1TuZM7iJCS6Z-8frr35Ln0Vw&oe=696B3DF8,"📲Continue watching▶️👉🔥When My Ex Becomes My Gynecologist🔥
💔Grace's wedding day was ruined when another woman kissed her groom - what she didn't see was him pushing the woman away and waiting at the altar for 24 hours! 😱Now, five years later, she nervously opens her legs for a routine gynecological exam... only to find her ex-fiancé is the world-renowned doctor examining her! 🏥😳
🔥'My private life isn't your concern,' she says, blushing. 
He pulls her close, his voice dangerously low: 'Every inch of you has always been mine. This time, I won't let you escape.' 💍👄
From altar to examination table - will their love get a second diagnosis? 🩺💘",,,,https://mkt.zrgnovel.com/dreame/adlanding/10/4057464832/9528/fb70479/202618102700262?utm_source=facebook_ads&utm_campaign={{campaign.name}}&af_c_id=120237764656120006&af_adset={{adset.name}}&af_adset_id=120237764658020006&af_ad_id={{ad.id}}&af_ad={{ad.name}}&af_channel={{site_source_name}}&placement={{placement}}&px=2068579210570479&random=MTIwMjM3NzY0NjU2MTIwMDA21768241081236590,MKT.ZRGNOVEL.COM,Download,56m
Rent Camera Action - Cebu,,https://scontent.fmnl8-1.fna.fbcdn.net/v/t39.35426-6/615078761_735760302531885_3767564675239993846_n.jpg?stp=dst-jpg_s60x60_tt6&_nc_cat=108&ccb=1-7&_nc_sid=c53f8f&_nc_ohc=JxkA-i3rf_8Q7kNvwE7Zi55&_nc_oc=AdmddO4X9QqmJw5hBeexQkizkiVV1_QEsqV9u3BqAxxj8GEm0gd0UYywe835nmFBqBY&_nc_zt=14&_nc_ht=scontent.fmnl8-1.fna&_nc_gid=3n2vR4PLONq_Ug1vei2OsQ&oh=00_AfrkSexZx8INciNVgA4Gqo3gFveXahU8IKWD7rna_HFkFg&oe=696B3824,"🎥 Camera Rentals in Cebu – Promo Rates Now Live!

Need a camera for your trip or event? We’ve got you covered with affordable rentals — perfect for travel, vlogging, diving, and content creation.

✅ No deposit required
✅ Delivery anywhere in Cebu
✅ Daily & bundle rates available

From action cams to drones to vlogging gear — message us now to check availability!

📩 Slots are limited, so book early!",image,https://scontent.fmnl8-1.fna.fbcdn.net/v/t39.35426-6/615150525_760342166497808_32959418322991424_n.jpg?stp=dst-jpg_s600x600_tt6&_nc_cat=108&ccb=1-7&_nc_sid=c53f8f&_nc_ohc=uOPhjnU1NpEQ7kNvwEv0BOH&_nc_oc=Adk1Ji7lIH9p5bUIxCGyL1YinMub-bWA3XbFWypfFKO2u4KxUbxIRpwKbbvPnTr59nc&_nc_zt=14&_nc_ht=scontent.fmnl8-1.fna&_nc_gid=3n2vR4PLONq_Ug1vei2OsQ&oh=00_Afp2KR88j67P8qEyjTAQJGcXpLes-DwH2pyXXjGsGJcbrA&oe=696B302A,,,,Download,3d
Jason Destinyo Broccoli,,https://scontent.fmnl8-4.fna.fbcdn.net/v/t39.35426-6/614984761_1947763622807469_8781505611713302849_n.jpg?stp=dst-jpg_s60x60_tt6&_nc_cat=107&ccb=1-7&_nc_sid=c53f8f&_nc_ohc=5fCDwehSVrIQ7kNvwF3r-hk&_nc_oc=AdmXZSFXo0NWPwnlWkPV92aHDDKQut_-ricig_tc1T0P66qzTW-iOEK3sZWWNbLTETQ&_nc_zt=14&_nc_ht=scontent.fmnl8-4.fna&_nc_gid=3n2vR4PLONq_Ug1vei2OsQ&oh=00_AfoNQlaiuU3ugJTZ7GSwesDdBBDDWIOLajpiiwf5iXPHEw&oe=696B4F92,"🎉 Opisyal na Rewards Event para sa mga Players!

 🎁I-download ngayon at makakuha ng LIBRE ₱58
✨ May bonus sa unang deposit, hanggang ₱258

🎁 Sumali sa opisyal na event at makakuha ng rewards
💸 Maaaring i-withdraw agad kapag natapos ang requirements

📲 Madaling laruin sa mobile, mabilis simulan
⏰ Mag-enjoy kahit saan, kahit kailan
👉 Sumali na ngayon!",image,https://scontent.fmnl8-1.fna.fbcdn.net/v/t39.35426-6/615196297_1385844573233839_4795503252137320664_n.jpg?stp=dst-jpg_s600x600_tt6&_nc_cat=106&ccb=1-7&_nc_sid=c53f8f&_nc_ohc=qZtURp3YwaYQ7kNvwFmWnWx&_nc_oc=Adnor4EhS4oX1-Gy2m1koANqBHJiyazV6GInKsOPCMs0QlPPNMDqUkzgLlOudwoCOtc&_nc_zt=14&_nc_ht=scontent.fmnl8-1.fna&_nc_gid=3n2vR4PLONq_Ug1vei2OsQ&oh=00_AfrpX5ZzZPIdSUFcsnISRbfAjUWMbi8HbEIsZoLpC8XfFQ&oe=696B358D,,https://www.9w0rg-iju6.com/?ch=c20b5627e2,9W0RG-IJU6.COM,Download,4d
Jason Destinyo Broccoli,,https://scontent.fmnl8-6.fna.fbcdn.net/v/t39.35426-6/614197777_1156065879721849_2647557922908843534_n.jpg?stp=dst-jpg_s60x60_tt6&_nc_cat=100&ccb=1-7&_nc_sid=c53f8f&_nc_ohc=Dn1dfKBOs2oQ7kNvwEARuMU&_nc_oc=AdlLR0E-5Dfom0-3PRs0Cqao7xGRdT3tajTEBynU-kn5hnmOlSQR0egb4qfzpLzhvlQ&_nc_zt=14&_nc_ht=scontent.fmnl8-6.fna&_nc_gid=3n2vR4PLONq_Ug1vei2OsQ&oh=00_AfrKHKaiH4kbyPSTf2Br5tYTcf_XKyncNkhB_XtnwyCReQ&oe=696B5B15,"🎉 Opisyal na Rewards Event para sa mga Players!

 🎁I-download ngayon at makakuha ng LIBRE ₱58
✨ May bonus sa unang deposit, hanggang ₱258

🎁 Sumali sa opisyal na event at makakuha ng rewards
💸 Maaaring i-withdraw agad kapag natapos ang requirements

📲 Madaling laruin sa mobile, mabilis simulan
⏰ Mag-enjoy kahit saan, kahit kailan
👉 Sumali na ngayon!",image,https://scontent.fmnl8-2.fna.fbcdn.net/v/t39.35426-6/615339819_1629420318216663_3109867134646606828_n.jpg?stp=dst-jpg_s600x600_tt6&_nc_cat=111&ccb=1-7&_nc_sid=c53f8f&_nc_ohc=pP4aIz-lYrwQ7kNvwGrD-zy&_nc_oc=AdlztQVv_DHCMr5rJp013kb72CyYdVZsLMtQ32Oe_ZN7OKES_kS8Ne_OToOJCCQ2Lrw&_nc_zt=14&_nc_ht=scontent.fmnl8-2.fna&_nc_gid=3n2vR4PLONq_Ug1vei2OsQ&oh=00_Afq5Z_SDKg-BZKaRT4c_tDDVkCS6T1A2rTvpwEUeiC0SfQ&oe=696B2ABA,,https://www.9w0rg-iju6.com/?ch=c20b5627e2,9W0RG-IJU6.COM,Download,15h
Jason Destinyo Broccoli,,https://scontent.fmnl8-1.fna.fbcdn.net/v/t39.35426-6/615376177_25398553586453168_8275834170128623872_n.jpg?stp=dst-jpg_s60x60_tt6&_nc_cat=108&ccb=1-7&_nc_sid=c53f8f&_nc_ohc=1oMf_LUlEe4Q7kNvwFQxL0B&_nc_oc=AdkvBEfOfDPEY1ko7VIxouGWSeC5J-zHVCsIF3OJymI6ZbEHJ7jj_x4HqnVyRu3k6yQ&_nc_zt=14&_nc_ht=scontent.fmnl8-1.fna&_nc_gid=3n2vR4PLONq_Ug1vei2OsQ&oh=00_AfpxbUZEpFwlH2VQjZRAFb27F4csZN551ZRsWDX6vUmWFw&oe=696B51D9,"🎉 Opisyal na Rewards Event para sa mga Players!

 🎁I-download ngayon at makakuha ng LIBRE ₱58
✨ May bonus sa unang deposit, hanggang ₱258

🎁 Sumali sa opisyal na event at makakuha ng rewards
💸 Maaaring i-withdraw agad kapag natapos ang requirements

📲 Madaling laruin sa mobile, mabilis simulan
⏰ Mag-enjoy kahit saan, kahit kailan
👉 Sumali na ngayon!",image,https://scontent.fmnl8-2.fna.fbcdn.net/v/t39.35426-6/615455373_1805302563514183_822764762009413166_n.jpg?stp=dst-jpg_s600x600_tt6&_nc_cat=111&ccb=1-7&_nc_sid=c53f8f&_nc_ohc=VE9AXSkmIWUQ7kNvwFKpP-N&_nc_oc=AdkeiSm_F8U_-lNcTj0sVrbJyE6l0lpsMnrP23sZDA4d5OQk9f3170svVKgiAd65Rzg&_nc_zt=14&_nc_ht=scontent.fmnl8-2.fna&_nc_gid=3n2vR4PLONq_Ug1vei2OsQ&oh=00_AfpYLwv8yqLQxG05c-TRt1mfabEcm4wkfHAUhKdgv2XtMA&oe=696B49B5,,https://www.9w0rg-iju6.com/?ch=c20b5627e2,9W0RG-IJU6.COM,Download,4w
Jason Destinyo Broccoli,,https://scontent.fmnl8-3.fna.fbcdn.net/v/t39.35426-6/615067736_795289660222513_8870001647533996454_n.jpg?stp=dst-jpg_s60x60_tt6&_nc_cat=105&ccb=1-7&_nc_sid=c53f8f&_nc_ohc=-5A5zn2wKNAQ7kNvwEUU7zA&_nc_oc=Adkx5yKMXJ8BUoqsBLHiH7nqVyOxWI4oG5fCBds_UvET1spP12CnAV_GsAE1JLe539Q&_nc_zt=14&_nc_ht=scontent.fmnl8-3.fna&_nc_gid=3n2vR4PLONq_Ug1vei2OsQ&oh=00_AfqOVyHdWOR7Fk-OZXP6JIAO9aPvLDtrSKn64rVTxTo76w&oe=696B433D,"🎉 Opisyal na Rewards Event para sa mga Players!

 🎁I-download ngayon at makakuha ng LIBRE ₱58
✨ May bonus sa unang deposit, hanggang ₱258

🎁 Sumali sa opisyal na event at makakuha ng rewards
💸 Maaaring i-withdraw agad kapag natapos ang requirements

📲 Madaling laruin sa mobile, mabilis simulan
⏰ Mag-enjoy kahit saan, kahit kailan
👉 Sumali na ngayon!",image,https://scontent.fmnl8-3.fna.fbcdn.net/v/t39.35426-6/615810071_1195206316125902_2515392838643191227_n.jpg?stp=dst-jpg_s600x600_tt6&_nc_cat=101&ccb=1-7&_nc_sid=c53f8f&_nc_ohc=_weaqdUVL2kQ7kNvwF2ylNd&_nc_oc=Adm87S5u2dyaBjUuI5HvYRVgmudRDtmAkRUVQbrotDFLbwWAP44ZsYTdrqC8X2Jvw3M&_nc_zt=14&_nc_ht=scontent.fmnl8-3.fna&_nc_gid=3n2vR4PLONq_Ug1vei2OsQ&oh=00_AfqGW89ulOYC81736ZOXXeI8EaqdwLXKngkCzCJgWTWt8A&oe=696B25FC,,https://www.9w0rg-iju6.com/?ch=c20b5627e2,9W0RG-IJU6.COM,Download,6d
NS-Xk-04,,https://scontent.fmnl8-6.fna.fbcdn.net/v/t39.35426-6/615098506_2272713056583440_1975516350490156968_n.jpg?stp=dst-jpg_s60x60_tt6&_nc_cat=100&ccb=1-7&_nc_sid=c53f8f&_nc_ohc=HNAGixU8c1sQ7kNvwH7Vj0I&_nc_oc=Adlk4l8IwSdUki7TbQ0ezCruGOOa_skGOd4p9qE5D_RKvq0GPUJaEGaL-VtMdVIybaQ&_nc_zt=14&_nc_ht=scontent.fmnl8-6.fna&_nc_gid=S6YNT6WrvOglI6RaaE2NPw&oh=00_Afq52gl--k0J0dCdJaj9C7dKF6RRDMQJfW6cuj1vDEVEVw&oe=696B4780,The Price of Neglect,,,,https://fb.netshort.com/netshort-h5-landing-page/wRcVOXoffqR.html?pid=metaweb_int&c={{campaign.name}}&af_c_id={{campaign.id}}&af_adset={{adset.name}}&af_adset_id={{adset.id}}&af_ad={{ad.name}}&af_ad_id={{ad.id}}&af_channel={{placement}}&af_siteid={{site_source_name}}&af_force_deeplink=true&type=1&link_id=2010666541880320002&af_sub2=0,FB.NETSHORT.COM,Download,22h
Embert Miranda,,,"📍 Location: Tierra Vista Ayana, Brgy. Lankaan 1, Dasmariñas, Cavite

💰 ₱12,000/month – Non-negotiable
👨‍👩‍👧‍👦 Ideal for 2–4 persons
📅 1-month advance, 2-months deposit
📄 Minimum 1-year contract

🏠 Property Details:
• 2 Bedrooms
• 1 Bathroom
• Tile flooring
• With garage
• Kitchen cabinets with range hood
• Aircon-ready (both bedrooms)
• Located in a gated subdivision with 24/7 security
• The house is just a 3–5 minute walk from the gate, with tricycle access at the highway leading into the subdivision.
• Pets allowed, provided the house is kept clean and well-maintained

📍 Conveniently located:
• 3–5 minutes away from SM Dasmariñas & Robinsons Dasma
• Near Immaculate Conception Academy and Brgy. Lankaan 1 Market

📩 Message me for inquiries or to schedule a viewing! 

Learn more about this listing on Facebook Marketplace: https://facebook.com/marketplace/item/1447550733369300/",image,https://scontent.fmnl8-2.fna.fbcdn.net/v/t39.35426-6/613683656_1587633982437621_8159254470490185460_n.jpg?stp=dst-jpg_s600x600_tt6&_nc_cat=103&ccb=1-7&_nc_sid=c53f8f&_nc_ohc=6GDRpD2KvNgQ7kNvwF8-fzu&_nc_oc=AdnzRrnKUnOWc2fmWyvtwTRgoFc_aQoajm_4__BTUzSEdJzoPEXf7zrXGT3uLntzGVk&_nc_zt=14&_nc_ht=scontent.fmnl8-2.fna&_nc_gid=S6YNT6WrvOglI6RaaE2NPw&oh=00_Afptki3AGoOMdOeSRparlBP8iUrjZ2KwLEh0Cq-FnzHx_Q&oe=696B2970,,,,Download,4w
